archive,file,bytes,sha256
8.022.zip,8.022/spring-2026/exam-practice/Practice Exam 1.pdf,294423,4dd6cbf2a33078912732af063de82d8f63a52a9a64db86eb601afd07987bd052
8.022.zip,8.022/spring-2026/exam-practice/Practice Exam 2.pdf,1313638,6435fab0a67ff4600ed82947f4ee44daee92e5cab35189f44539f036b8053f0d
8.022.zip,8.022/spring-2026/exam-practice/Practice Final.pdf,3515206,249efd16e67b5cf163356167fe2055a496213cf689ab36a661766d84aac5fd11
8.022.zip,8.022/spring-2026/exercises/ps1-1.pdf,194199,4c027ba50d737822820c720ee93c9bc498c4b09f63d3add6893940d825236860
8.022.zip,8.022/spring-2026/exercises/ps10.pdf,356840,6e554d22c42d9108eab02d8f90061e2f572ff821caa6eb7b72433e4ac948a5c8
8.022.zip,8.022/spring-2026/exercises/ps11.pdf,1037041,d60912d045cb02b39dbff3b5a5279c288667b7759f41b886bee93b93c33b9c59
8.022.zip,8.022/spring-2026/exercises/ps12.pdf,189672,1575010580fb628b18ec15d833ddcaddefb04aece8734959159bd38fe8aff4d7
8.022.zip,8.022/spring-2026/exercises/ps2.pdf,210766,97a540baca73ab308c0e19efc71198527f3921dc0b67c7f4d69d0a40ce8073ac
8.022.zip,8.022/spring-2026/exercises/ps3.pdf,242763,265cb75bc8891ee7b62651d772e48438def58792110be1e343e426dbf6f7e76b
8.022.zip,8.022/spring-2026/exercises/ps4.pdf,264642,589748a0cb9b342e12bd450f69bd4a16144e4e7789e879d4ac9daf4fceef2255
8.022.zip,8.022/spring-2026/exercises/ps5.pdf,353630,b43f47d1e1ae113d00a15878d330a83e93bf05d3d5df8bbb163808c8a93f41c9
8.022.zip,8.022/spring-2026/exercises/ps6.pdf,479837,1d139744347bedaf3fe49e2e9c2e4dfd1d9b386eb082af0012fbee2ff7942231
8.022.zip,8.022/spring-2026/exercises/ps7.pdf,207724,37610813c8d71d5ef2e30e5b9b3be7d4f06704622ac13dce9b77048c2b36cd1f
8.022.zip,8.022/spring-2026/exercises/ps8.pdf,707624,553cef21fce9f78bd955325b6301a3c595b8b7f308a595de3336d4cd88889420
8.022.zip,8.022/spring-2026/exercises/ps9.pdf,1130870,099f7bb70ab4e6f2f6322cdff22b8ed511f0dcf857b9244d25656f1c8e971e97
8.022.zip,8.022/spring-2026/labs/Faraday_Ice_Pail.pdf,2454402,43aff378156310b29ef853fa988101fb73b1c9d4bfea693688b3844e91596800
8.022.zip,8.022/spring-2026/labs/Helmholtz_Coil.pdf,292962,ec222ca9fa6cae0bc89e684e86b11d68a649e988a31bf035b495802182324f1c
8.022.zip,8.022/spring-2026/labs/Wireless_Power_Transfer.pdf,5425402,799146b51b760158e7f4def60f1146f57ec64a0155f844b0d84d55b7cf8c7720
8.022.zip,8.022/spring-2026/lectures/L10_Notes.pdf,29182665,6dc8f484204451bac04275c9561b610c422265482f3db16c7274cbb478e080df
8.022.zip,8.022/spring-2026/lectures/L10_Slides_CircuitsKirchoff.pdf,2509941,e139f988a5919ce32c217fbf98dbd631dde1be040686281a494c43055725f032
8.022.zip,8.022/spring-2026/lectures/L11_Notes.pdf,37101201,7acc64ede60f29f8973896e3473e4976277ce58673ab20a5183182c7e37d8611
8.022.zip,8.022/spring-2026/lectures/L11_Slides_Lorentz.pdf,5644852,60cc691d4583a8f303965a8721f5a9d08c398b5e2fbe147859bae07606fb4a12
8.022.zip,8.022/spring-2026/lectures/L12_Notes.pdf,40786134,d0071c77fec06ca91ac9120662904637e25a65ea537f75a78286316e88cb292b
8.022.zip,8.022/spring-2026/lectures/L12_Slides_Ampere.pdf,3001478,73e17b6fc904d16160cd9d8a9c7b60b52e81414f64aa792d627e22065bcbf421
8.022.zip,8.022/spring-2026/lectures/L13_Notes.pdf,25785389,827db8dc6685d1a3760d3d096fa52dc2e72bc8052184cae2a1cfc3bb2988311b
8.022.zip,8.022/spring-2026/lectures/L13_Slides_VpotentialBiot.pdf,3278367,6bf22c9bf026cd2c1eaa51c7846972f5345b75385a044a7965395db3d08f100f
8.022.zip,8.022/spring-2026/lectures/L14_Notes.pdf,36104477,d872b3f1f5f691f502ce6891811e1dc0ed55cafd8154ad4d62180c217cb80fd4
8.022.zip,8.022/spring-2026/lectures/L14_Slides_Faraday.pdf,3085976,fec04b4d08af55f56ba92a35dc383145276b92bd12964866f9a06b0c9d1d6804
8.022.zip,8.022/spring-2026/lectures/L15_Notes.pdf,39805529,9c07ee2c72d8928746c768e149d36edb15dd2b1574c0fec78dba93218ecf1f77
8.022.zip,8.022/spring-2026/lectures/L15_Slides_InductorsMagneticEnergy.pdf,1933495,48e242426c630bbe0ef9cf56ee1a725af7dc36bd7b2a02da67b85dce87a6472e
8.022.zip,8.022/spring-2026/lectures/L16_Notes.pdf,34947899,eec0ba063d74e25a6ce9b71207ab4a0e5be2c89b4696d44775d0864e9a352701
8.022.zip,8.022/spring-2026/lectures/L16_Slides_RLC_DC.pdf,718031,8e7cdc4b1a0b012decace9bba6c06563a55c6c87ea1c5f075de87d61b4c51fdf
8.022.zip,8.022/spring-2026/lectures/L17_Notes.pdf,4295682,c6ce1a6566f02e7905aa1ca78b48b0b03d8d5cce39a4828facc0eda3519261f8
8.022.zip,8.022/spring-2026/lectures/L17_Slides_ACsources.pdf,3565701,511c25ca917ea9e664be55d4fa2ee50e6484e471d77d8e09fa19fa8b896fed1e
8.022.zip,8.022/spring-2026/lectures/L18_Notes.pdf,27011123,0820d7a8922a5f28ad01d9a9af217abcdc16ca03924a5115506c840b883db026
8.022.zip,8.022/spring-2026/lectures/L18_Slides_Impedance.pdf,4541229,f37b59036d1eb7d19407ecc4dbf95d7001a242ef4cb80a13cf7f22c241565286
8.022.zip,8.022/spring-2026/lectures/L19_Notes.pdf,25420552,6f50b3cb0dc753ad9b1548866613a6c7adaa7ea46fff31ba6fe74ba10025e74a
8.022.zip,8.022/spring-2026/lectures/L19_Slides_Displacement.pdf,2831502,c14b5a953fcccd528c51734e4e6ad10eb99a77e1bc5404a74d7f693d39a115ab
8.022.zip,8.022/spring-2026/lectures/L1_Notes.pdf,8560717,419f914657ef5e00a5d56e0963d109993923e25f4d7998789a9dabb6a724e0b1
8.022.zip,8.022/spring-2026/lectures/L1_Slides_CoulombCharges.pdf,17456725,2acd0d3b7d6dce7b251525eaa3071cfd41808af55a4ab2fe3534516e5c2a1762
8.022.zip,8.022/spring-2026/lectures/L20_Notes.pdf,34064562,ededbbf0df134e6612cfbf8acafee26d114b8001f6274fd9ab311a2b2c37047a
8.022.zip,8.022/spring-2026/lectures/L20_Slides_Wave1.pdf,2438008,0e6b44105e3ca19a7188972662c6b7e5954a5dd3dea5b53636894a41386652ce
8.022.zip,8.022/spring-2026/lectures/L21_Notes.pdf,37388352,a47868993b6fac2f940f5c8ad84bfa46cc3aa7c8f325b24400a16bba08311d04
8.022.zip,8.022/spring-2026/lectures/L21_Slides_Wave2.pdf,24097078,59a67bb82d879d4bfef0aad9bc949b3724c3aaa0ee2ea6daaa070f6aa9b1ffb8
8.022.zip,8.022/spring-2026/lectures/L25_Slides_SummaryPart123.pdf,19576204,291beef66b443d2f933860149c2c79e560254debcff68d6f38a9a07e5761d4fb
8.022.zip,8.022/spring-2026/lectures/L2_Notes.pdf,23385166,e60c4937ad4bc486f11d379396d1b05f26400442477d051effd6d596a2299337
8.022.zip,8.022/spring-2026/lectures/L2_Slides_EfieldGauss.pdf,6094834,d77554d3fecb19ba2d87bb252b004004e22cf47d0869628f5ed83343a275a6bd
8.022.zip,8.022/spring-2026/lectures/L3_Notes.pdf,5643196,fc283f31cba58a1eb91a94563a0684493c24694883e74f907fe6e7798ef30dc6
8.022.zip,8.022/spring-2026/lectures/L3_Slides_EnergyElectrost.pdf,3868115,b20c6d8968438f2321f61a8a6518c0d34d27b5d7c9b95563e9f1533a399aafac
8.022.zip,8.022/spring-2026/lectures/L4_Notes.pdf,28462639,6612216d8c48c281e8c4b3fdcf5fb55fe05b5f173433352f3e6155816c344418
8.022.zip,8.022/spring-2026/lectures/L4_Slides_VectorCalculus.pdf,10139163,405fff1cfff7f16ced64b51946a7366004fa1cbead52ddff13ebdca722f54ccb
8.022.zip,8.022/spring-2026/lectures/L5_Slides_MaxwellStaticPoissonLaplace.pdf,7315397,674d615d1e0b7cc4c15906363a9ecac9ae27f11dfeef5a3e6d0a96452751d789
8.022.zip,8.022/spring-2026/lectures/L6_Notes.pdf,15656551,7bcf62bfcb3026631fe433e28671d28ad33c6351403d703ba29cee2e7e179f10
8.022.zip,8.022/spring-2026/lectures/L6_Slides_Conductors.pdf,4671200,143ce610c34498e341df5f7aaa2278697740a51eb6e6c1b9a5a417fa261ed51c
8.022.zip,8.022/spring-2026/lectures/L7_Notes.pdf,10966844,a49280dfb0c37a86bf79c009d82234e6f7d61b2a55285da33c6e32df5e00cf34
8.022.zip,8.022/spring-2026/lectures/L7_Slides_Capacitors.pdf,5840764,1cad6e89616ebdb56b7d9e589f741d5671b3af81acc95ab435be8af3b9a0c5e1
8.022.zip,8.022/spring-2026/lectures/L8_Notes.pdf,30638314,4d2893e011ed97bfac146320574be806863313aba8e5a8e748a3f134a0e7dd6b
8.022.zip,8.022/spring-2026/lectures/L8_Slides_Currents.pdf,3404562,04168c5403589e13efb56e8cf5ef746b6392a768bbeffdecff473b4dd0b093f9
8.022.zip,8.022/spring-2026/lectures/L9_Notes.pdf,25035710,8bf8047cf9789aa8cfe9d4dd08a8b8c513ee6fe527dbb5f8545fc735928d1e14
8.022.zip,8.022/spring-2026/lectures/L9_Slides_ResiBatteries.pdf,5143296,ce2b295ccbc5ef934ca163a2c2bdb6524d9b401eb2802862b813e8cce7ced5a6
8.022.zip,8.022/spring-2026/lectures/Review_MIdTerm2.pdf,14746541,82b3c7a98496ab6c98beed6ff7626fdaaabee68413f0cca2476428e3c7adee1f
8.022.zip,8.022/spring-2026/notes/LowPassFilter.pdf,2096885,967c4a2dc472e6e0a4597e0a7811a4d55cd6cb12cebbe07d23ee0d598801b6ca
8.022.zip,8.022/spring-2026/reading-questions/RQ1.pdf,102878,02bdcb03131b0ca1a7344c6ab7e582b647ece89a066954d968a0102d8e7f76f9
8.022.zip,8.022/spring-2026/reading-questions/RQ10.pdf,481374,8360d82c11285dae07c8cf1fd8e217e4224a36d380921ecdaf6cf536252b0430
8.022.zip,8.022/spring-2026/reading-questions/RQ11.pdf,74020,afc03328f061ed3c27d86fe9b228324cc05daac26ed0c91a441b8dcb8f632c83
8.022.zip,8.022/spring-2026/reading-questions/RQ12.pdf,114802,c26332f40432dc3f1cf609288fc1702b95a4b89a3619b9fcee20369c6807dc99
8.022.zip,8.022/spring-2026/reading-questions/RQ2.pdf,83916,9cfdeb5fa02f633d7e75ab4981812eeb6d3da5ee6fc3c0ebac53288d33146b05
8.022.zip,8.022/spring-2026/reading-questions/RQ3.pdf,98492,12b63c1910920e8af1960bae6275e8bf5b0015cb85ef55bdaf77c0f1a9dc7b91
8.022.zip,8.022/spring-2026/reading-questions/RQ4.pdf,91977,0d74869ffb91c7aaa08d5ad0ced7950b1c2a7f5f16668d30d7c405d14c8595e4
8.022.zip,8.022/spring-2026/reading-questions/RQ5.pdf,84018,cbdaa5ca48f57d8a9958d2319d570d8dc2b7012f2183538e57857e65571686e0
8.022.zip,8.022/spring-2026/reading-questions/RQ6.pdf,83160,a03933b01e9ceebcf8a616280e81d72810ab929aa26778b33b0403e17cdeda1a
8.022.zip,8.022/spring-2026/reading-questions/RQ7.pdf,194109,3276906ba97b96a1ce7deb1324fa393aff3e6eb3c8bf3b4f22e3486d2ade4ff9
8.022.zip,8.022/spring-2026/reading-questions/RQ8.pdf,387650,29d44e942e84600146d6144714894f2e7624f9c3e38d6f0a3ffe181adb1dbf1f
8.022.zip,8.022/spring-2026/reading-questions/RQ9.pdf,110293,5e531bc56944c82677db3b868745158b55f0fd030a42178c36d933d09c2017b7
8.022.zip,8.022/spring-2026/recitations/8022_recitation_5_Assembly Energy.pdf,1297815,74e5d3045048c44877605f999a87cf8ff79cd966a571c47c8983086755fdef17
8.022.zip,8.022/spring-2026/recitations/R1.pdf,242603,e142366ec4ad7e390080e3eb81199f7ee3d639b7b8eca8fce892a4bd1055b455
8.022.zip,8.022/spring-2026/recitations/R10.pdf,498163,d0e14777bec2325e4c068a94f6b430ca3dc232f0d594153f6403c238298cda80
8.022.zip,8.022/spring-2026/recitations/R11.pdf,207617,286654c1455a9a0dbd5454774735fc77ff56e88818f213d8adc7fc2c987e78ce
8.022.zip,8.022/spring-2026/recitations/R12.pdf,130703,8b49dc499af64b014950b46cf45cf68880e808d9f37a910750e09de62170172a
8.022.zip,8.022/spring-2026/recitations/R13.pdf,385181,f97e4365299a04ab4cd702ed93019df05f9ee48947a9b5abaef543ef95f646bd
8.022.zip,8.022/spring-2026/recitations/R14.pdf,366191,7e9467c9075c70320f5a8ad8011d8ab94333fc6246877cd531052418b173412c
8.022.zip,8.022/spring-2026/recitations/R15.pdf,280113,cf0d6555e19e3687d84835636860e4e7817d734be5be2249ab02f4aee1d9293d
8.022.zip,8.022/spring-2026/recitations/R16.pdf,331472,37593d4d586e99c426a9fd07ac909132f522be845cd39a4cdb6d7a0d0e2abcc8
8.022.zip,8.022/spring-2026/recitations/R18.pdf,184725,84d233153443e53007ce9ff4a295805a8d209fbb2da397777d63fda7f50cc25e
8.022.zip,8.022/spring-2026/recitations/R19.pdf,163285,a8cfea680bb7397ce4137cba9d030099afe986b4af76fa3bd1281f779eb2aca6
8.022.zip,8.022/spring-2026/recitations/R2.pdf,199935,e639fcfd2cb56842f8827bc12028c55e0a472be9703ed7fcd182320e5a1e1d93
8.022.zip,8.022/spring-2026/recitations/R20.pdf,216935,e15c700140fdce3f43001d432ff2c741de69ea922cb8dff12ec7ceda3be86491
8.022.zip,8.022/spring-2026/recitations/R21.pdf,143494,e5a8e8e2b92d5530950b2157181dc12e26f9e9ce21b75ca92f010e8b4cab9218
8.022.zip,8.022/spring-2026/recitations/R22.pdf,137621,7395e05405ddddf16f96dfa6cd685a7d714f43847c5c71dd39e2fb36ceccb46a
8.022.zip,8.022/spring-2026/recitations/R23.pdf,139327,301ee7f76fcb449a962b5243d5565af91f3bd95cfc10e8ee8bb07e3767f97873
8.022.zip,8.022/spring-2026/recitations/R3.pdf,404307,c24dff9537ffc0592b5735b33e9de7d8abe45d5f352ef43c4a72bde00d0a838f
8.022.zip,8.022/spring-2026/recitations/R4.pdf,187959,c39cc749db7511cdb65283db5a0536d990326fa6b18e49ed19eb7d81f2c1349c
8.022.zip,8.022/spring-2026/recitations/R5.pdf,185383,2ee789c4d62c4ddfbf3abb5cac65c554896433d014e5241af5843fbe0856631f
8.022.zip,8.022/spring-2026/recitations/R6.pdf,220247,85eb612cb1c9380799c00420da25693bfa832b7f6d72da740f1dae02ad9b4727
8.022.zip,8.022/spring-2026/recitations/R7.pdf,201704,e1884c44b823bfc05007c3d6bb93b73eb294099833d9f83d7d2d875adb3b8545
8.022.zip,8.022/spring-2026/recitations/R8.pdf,140625,308bdc2d29c345fa16b07e6e7a36a7db5c6f9a497f2604b460cd676f296e5dad
8.022.zip,8.022/spring-2026/recitations/R9.pdf,209448,90003af0391f9128b9daea5594bce22f659bb25b977e590eae48f3e0595b9843
8.022.zip,8.022/spring-2026/recitations/thevenin.pdf,139680,36771956bc6b0c3bf3ee2f20bdf0c29e8a51ee4fa554d2495a749487d231e1fc
8.022.zip,8.022/spring-2026/solutions/R10sol.pdf,509742,a9cb745f4b5a04cc073ecb90425efaea4a8bdae39234748686c3ac048030c112
8.022.zip,8.022/spring-2026/solutions/R11sol.pdf,240788,bc93c7da6944b2095e94429c4197df9179f4420ed66ea26675f1ff79760e585c
8.022.zip,8.022/spring-2026/solutions/R12sol.pdf,179414,23a05ede994c5fca5f112946e1ca04f2035366e1624c556c7cc5e49ae8962855
8.022.zip,8.022/spring-2026/solutions/R13sol.pdf,402350,14098c5fd8043941d04ffcc7e50970782cc94b7563c15c8a3785d704f7cf677a
8.022.zip,8.022/spring-2026/solutions/R14sol.pdf,405407,5c53e0d1f5b5c88783f8bd6d72b3179479206928baa63f2493be7aeb41ae601d
8.022.zip,8.022/spring-2026/solutions/R15sol.pdf,325494,4332b1f11e0431b1b5c8b54790a48e8107f7c875b1547a290a35d106bb3f6b0d
8.022.zip,8.022/spring-2026/solutions/R16sol.pdf,370204,5eee42a508911169c8ba625d466609960d55c1f07b35e9143c6a922a06334669
8.022.zip,8.022/spring-2026/solutions/R18sol.pdf,207918,314cc2cc85625e185929f78b1524bbc12525b5a9c8cdaccdc132e0b2a3489f6d
8.022.zip,8.022/spring-2026/solutions/R19sol.pdf,232198,cdd4ebdf9cb6aa4e78a25b4ce0037b76573bde97b171c39d492b586c2d3d3696
8.022.zip,8.022/spring-2026/solutions/R1sol.pdf,545228,ffc6745aa4211db98b104fddc35f78edfca882158f98f196359ef68109487755
8.022.zip,8.022/spring-2026/solutions/R20sol.pdf,250328,e1d6fb748ee4265c9a03e37fe6565cc321f2cf6ad00d16e219dd6fa15feb53a0
8.022.zip,8.022/spring-2026/solutions/R21sol.pdf,157552,a077d7efe5a9e1a1c82d09be3990d63bfd899173f6a0d6cc9959a8f38ac808d3
8.022.zip,8.022/spring-2026/solutions/R22sol.pdf,150081,d546110c6b5df5ec6183efd518e966daceb9ea064ea720d5c9a15a97610667f1
8.022.zip,8.022/spring-2026/solutions/R23sol.pdf,169885,7fa430917a1d4a4f6f6d3d891fd318fc07e60bd5614b83a4ddcfc78a46d774c5
8.022.zip,8.022/spring-2026/solutions/R2sol.pdf,221069,6f244815cb0f460f8eacafa83f95d05acc0a776eace3e6f9e815e1981353adf2
8.022.zip,8.022/spring-2026/solutions/R3sol.pdf,424762,adcf51f12dccd60634fbd3e551e3f33c93fb04f9ddb4410ec0bade1b570404d3
8.022.zip,8.022/spring-2026/solutions/R4sol.pdf,279039,4275cd6d1bb4e47101bb4fdbddda01ea9b84d27d5f1bf695e7eb07070f72e8ed
8.022.zip,8.022/spring-2026/solutions/R5sol.pdf,429239,48c76c8909f42550058ab56030fd3f47b4a58251632c58bc6a6e6369b1cb57b4
8.022.zip,8.022/spring-2026/solutions/R6sol.pdf,255013,83f9abcfa79e6eaf5c0765311ca172bf9f68c02de7c7341226dba450ebc4aac0
8.022.zip,8.022/spring-2026/solutions/R7sol.pdf,248350,ef6d578d4467cfb33b9eaee83f06450e278fb5e4ea66d2b732d8e516b389e34e
8.022.zip,8.022/spring-2026/solutions/R8sol.pdf,170154,ad94d1aaac4160d41561a5c06d943adfa35b04f977fe4af86f01b4b91ce964fe
8.022.zip,8.022/spring-2026/solutions/R9sol.pdf,294482,a480d9c91456415708ee7378a81f83da9c925e204a1b72231cd32a71392517c5
8.022.zip,8.022/spring-2026/solutions/solPracticeExam.pdf,380893,62497416cae0e47d38f6836659fc9237ae3c21d39e5fc36b0b90df4dcb010273
8.022.zip,8.022/spring-2026/solutions/solPracticeFinal.pdf,3594326,7161c35b64a2e6278c8679ebfcae1b0c64ac53582da02ac5bf201da6399e2e83
8.022.zip,8.022/spring-2026/solutions/solPracticeexam2.pdf,3263543,cb8cf530a0ac04f03f9745fb035650e187cdb5157277764ace8cac46da7f2f3d
16.C20.zip,16.C20/IVPlib_rev0/IVPlib_rev0.py,1168,88e7a8a5f7a97630adfaea15ef012cebf639a12fca36931bf741c9919d007dd6
16.C20.zip,16.C20/IVPlib_rev0/coffee_model_rev0.py,2038,6a1748a81e6744b549c3b56584888ebb6b0aa0d39dd436c88d80c30f5b69eb6e
16.C20.zip,16.C20/Lec15Code/can_opt.py,1760,cdb98fdd4331aeb3636e4722f3cc64570c85e85d1aa4e372d4ceafd48b56df80
16.C20.zip,16.C20/Lec15Code/can_opt_con.py,1541,25fddfd25077d1ec89afd5303e86e1173189470b558b447efb9df419c94688f7
16.C20.zip,16.C20/Lec15Code/can_opt_scipy.py,898,f586fc2d5f5a964c67f362a5a6c14e48a78adc8cc2eb15165e6c91db665a1c20
16.C20.zip,16.C20/Lec15Code/gd1.py,1837,7c1870044c7dea8e3c5b0fe9704c4ea3a8ad15338ac232a1d3db36f3a8f1f514
16.C20.zip,16.C20/README.md,476,cb9d4b04b51ed1e02b55e4421d00f56eec349b6f8150e6e174d67c46d088498d
16.C20.zip,16.C20/np_demos/np_creation.py,2207,a37fb37f485902f3c80515378b3860c98ee36875e487516bcb4bece2f63a440b
16.C20.zip,16.C20/np_demos/np_ops.py,845,7d8ad66654b85aad314fb051a992a73a50f4d1c7ec864be496e7fc8105a29cf2
16.C20.zip,16.C20/np_demos/np_timings.py,1997,6fa018412b8ade8bc6d9a5745631cf89e0312426a41800b10f27d3029320323a
16.C20.zip,16.C20/np_demos/np_viewcopy.py,310,de9d712f08a3d3c46655cb6767448e0ea8455188757ef34b3e0bff6032855534
16.C20.zip,16.C20/resource-2/startercode/HVACIVP.py,9547,208dc922831b68849083cd70e61df8c1b3f7bd00a5c5c16b758eb110b24ef0a8
16.C20.zip,16.C20/resource-2/startercode/IVPlib_pset2.py,2468,5b896c2251466df7574499d05a32ed869476bd9cfa74deab44aaf5cfefe5fedc
16.C20.zip,16.C20/resource-2/startercode/LinSysIVP.py,2599,ee9c936abba9b1ef98cb25a7e35db76b1912a95c6ec66882a1fd606ae85a2cea
16.C20.zip,16.C20/resource-2/startercode/mylinsolver.py,1826,b9d87e1b6fb54f4dd81142bbb9d16d115b49804d8726c83a79370dc36417631b
16.C20.zip,16.C20/resource-2/startercode/mynonlinsolver.py,2561,17bc3a3d989356d86313fc63013a56a565e9ec119e2633a1fde0e6e93f525603
16.C20.zip,16.C20/resource-2/startercode/slimmons.csv,32954,f94a8eb9cd10ec3a6ef284eb43ce1f9869038446165c27aa34d878bc5624be4c
16.C20.zip,16.C20/resource-2/startercode/solve_robertson.py,7933,e2e562b8e819dbc14f89ca3ae787019cfd7b8d73d989721baabdf421ced8f749
16.C20.zip,16.C20/resource-2/startercode/solve_slimmons.py,4945,b764c4051574c141cb77075f4114ad5768bf4bf0c22882cb85f209bd0160a965
16.C20.zip,16.C20/resource-3/startercode/HVACIVP.py,9547,208dc922831b68849083cd70e61df8c1b3f7bd00a5c5c16b758eb110b24ef0a8
16.C20.zip,16.C20/resource-3/startercode/IVPlib_pset2.py,6291,e733d9707ecaf8b697a93de919ed6368a3fe7fbc1c7eaefa60be9f4e82cde01b
16.C20.zip,16.C20/resource-3/startercode/LinSysIVP.py,2599,ee9c936abba9b1ef98cb25a7e35db76b1912a95c6ec66882a1fd606ae85a2cea
16.C20.zip,16.C20/resource-3/startercode/mylinsolver.py,2487,192330f037cb74f4c036edd56d4b481b32dd5395c16e17348fb7c2c385259763
16.C20.zip,16.C20/resource-3/startercode/mynonlinsolver.py,2394,4ffb50abc9c5408b18f8029045f712ede068ba7cfb57e776dba3bfec998fefa5
16.C20.zip,16.C20/resource-3/startercode/slimmons.csv,32954,f94a8eb9cd10ec3a6ef284eb43ce1f9869038446165c27aa34d878bc5624be4c
16.C20.zip,16.C20/resource-3/startercode/solve_robertson.py,7351,9a49ff5f561da2f5210a1016936c1c386c9cf45b4c757014f01cfca42ca9f728
16.C20.zip,16.C20/resource-3/startercode/solve_slimmons.py,4945,b764c4051574c141cb77075f4114ad5768bf4bf0c22882cb85f209bd0160a965
16.C20.zip,16.C20/resource-4/startercode/cellopt.py,7461,ec28396f2995d8ba6f36b2564b596499e02186a8bec519bb7c20a3a1e265b277
16.C20.zip,16.C20/resource-4/startercode/gd.py,2706,3fa30bbbcf17748ab33ab15104f14606e182a06147ea46dec790650b1606becf
16.C20.zip,16.C20/resource-4/startercode/gd_tests.py,3605,060c067fcfb782342b353318ca278abbdcb71968ad24aab8a4b6d8132fc6af06
16.C20.zip,16.C20/resource-5/startercode/cellopt.py,8083,a04ad0d33ab166ffea8da914545ee21c666e220dc7c8e1bf15d606edf12a7ff2
16.C20.zip,16.C20/resource-5/startercode/gd.py,2120,3ff63aaa8262ca4ed1bb287c5f5cd9c5c17490a6c1b453af2726460660509887
16.C20.zip,16.C20/resource-5/startercode/gd_tests.py,2577,d953354d90e90d908b34eaf059ec8a0127f7ba8a0575e002843fb72d48d99237
16.C20.zip,16.C20/resource-6/startercode/IVPlib_pset4.py,7630,55256497732935fbe0f275614ada777df9de583d4b18abd6de30643381870d20
16.C20.zip,16.C20/resource-6/startercode/neuron_Ifunctors.py,1804,103f18580f95325a3f8a5732e497c2828cd3bcf750fec7ad3fee7d242a4b7c8d
16.C20.zip,16.C20/resource-6/startercode/neuron_main.py,8286,b4638a36779d5107cae674d87436e0e67cb4a06771e648402a6d9f6390510d29
16.C20.zip,16.C20/resource-6/startercode/neuron_model.py,1506,6f2197c4375f097df0fd239f7aad4e868281d761922cc8a415e794d335913dd9
16.C20.zip,16.C20/resource/startercode/IVP_scenarios.py,5873,c6b0c391f2f8b47adfd007c31535ab3e52740b63d41f0ea97f272c2aa51de2cd
16.C20.zip,16.C20/resource/startercode/IVPlib_pset1.py,5530,656b6df151ee141f699ee7ee79565ee50b5f187f463cc92b0ee0011ff28b2392
16.C20.zip,16.C20/resource/startercode/hail.py,8290,db81265e069826809a25d7820d815d3a97512f42897362f48b9320bb62a52482
16.C20.zip,16.C20/resource/startercode/lander.py,6544,2d3db8a035a9e1a1b6438f8e8f5ba00621cff34d18f7fb47452cfe727582827d
16.C20.zip,16.C20/smooter.py,1447,94629f5a187c755f5f3c66afbe5e21627540944b05d338050bbb712c3f85697d
18.06.zip,18.06/historical/historical-exams/MT 1/2002f.pdf,53132,e6cf8dbea5dcc9e4da4d2d3357ca4cf52ec5c20d68cdf08ee601e09ae640be7a
18.06.zip,18.06/historical/historical-exams/MT 1/2004f.pdf,38144,5458f8fe943ccf0a62e76040551962980f0a6b6f8fc5b3b6ea25c05390c04a36
18.06.zip,18.06/historical/historical-exams/MT 1/2004s.pdf,54060,4ff2a9af1f0359aa39540bfc48f2b82aed531d87f00364af74905febb1a32385
18.06.zip,18.06/historical/historical-exams/MT 1/2005s.pdf,40677,9fb333de7dfbe11f97ffa9ae709dd7c7b3b22af803e2f5fd4c892ed7f5aef9b2
18.06.zip,18.06/historical/historical-exams/MT 1/2006f.pdf,49177,30df8c4a368fbe9e9c1cbadc1f1463893d80909550b2eddf1dc42ecd40bd4296
18.06.zip,18.06/historical/historical-exams/MT 1/2007f.pdf,68751,59fd4b37c95e18fe2a86a9f7c6d2a433cb9f594cadbd0f0b8bc0222da052fbbe
18.06.zip,18.06/historical/historical-exams/MT 1/2008f.pdf,88967,22ca4a6e0a9b4841338f380d05d9a68961e58f5da5da58ce9e46d446073bad3b
18.06.zip,18.06/historical/historical-exams/MT 1/2009f.pdf,52586,1d1dfdc4dba2bdfc38aa7f8603c99990345bd4db60fc4c9e569e8ce3d0e20cf8
18.06.zip,18.06/historical/historical-exams/MT 1/2009s.pdf,59455,3c5ef2ba84876cd3028568d4a589c6e617647000e3ee4516a9bd197334ce2714
18.06.zip,18.06/historical/historical-exams/MT 1/2010f.pdf,112405,8f86769e9c9a44e507ce69a5417a2505f1f55c812d6b73d834fabc5165f9469f
18.06.zip,18.06/historical/historical-exams/MT 1/2010s.pdf,33713,b2d4e4254e1991c6729b5245fc67b95020a86a6c90f2095dfb202c5193f9a52a
18.06.zip,18.06/historical/historical-exams/MT 1/2011s.pdf,25997,d85d921416ab8f343d6115f008390ae51611ffea1786ad24db7604e022caa360
18.06.zip,18.06/historical/historical-exams/MT 1/2012f.pdf,118591,34a71fdf44161cfaefde7b077244e477576cd10f582f3241c08ce2791d8a06af
18.06.zip,18.06/historical/historical-exams/MT 1/2012s.pdf,97587,a28b00d57110f8440f5c1449794d1047c95a1e1ab459e2d4007eec99c3248686
18.06.zip,18.06/historical/historical-exams/MT 1/2013f.pdf,178576,473b9830f4d3c2f40e1e5fb06faf5ad26c441db18a3708553fdac60164552c02
18.06.zip,18.06/historical/historical-exams/MT 1/2013s.pdf,513632,03b77d161c6fc888a04bf79ac1af3135b7574d06d2cb58bede762d1c3db3340d
18.06.zip,18.06/historical/historical-exams/MT 1/2014f.pdf,161913,8909ac506449fe1a6c601f3ca4cbaed679e441a9d8ad5a2f3485b0295f3871a5
18.06.zip,18.06/historical/historical-exams/MT 1/2014s.pdf,131072,8caae0c1dcea655684aa7ae3023c78f76d65d90efb3368e6a9ecc4affe080d8f
18.06.zip,18.06/historical/historical-exams/MT 1/2015f.pdf,84049,b844a18ede3ca355c63e34622a66c90ee6e4a125fc7b494cf439bb5c532a92e4
18.06.zip,18.06/historical/historical-exams/MT 1/2015s.pdf,122103,a65fb8904074ab143ce2b5449dc68a5d44b2e6a7e69609082761bdfc0cd1f387
18.06.zip,18.06/historical/historical-exams/MT 1/2017f.pdf,165140,13e607739aab5eb87e8b1c6dd99a92fa94ead3beab64319467592cf5a51aacfc
18.06.zip,18.06/historical/historical-exams/MT 1/2017s.pdf,165587,323a4092499298901cf8e4f14e0e6256cdf5946270bf89525da897130c58aa79
18.06.zip,18.06/historical/historical-exams/MT 1/2018f.pdf,181415,1acf00b72a5f509373ace9aa56b2be18a4896a879191fee1ad3fd6ccd2a437b1
18.06.zip,18.06/historical/historical-exams/MT 1/2019f.pdf,825389,dffe1738431daa079efa5ad6ebdc3f62c0b415487548792cbd044adf465270c3
18.06.zip,18.06/historical/historical-exams/MT 1/2019s.pdf,104260,74c56a36cb9407b1c104a4e9962cac9fd873e6b695128bb84501dafdca566ab7
18.06.zip,18.06/historical/historical-exams/MT 1/2020s.pdf,104067,917328801bcc71222dfbfe7bd1e76818ad4dc827af7c01600655d36222f090d2
18.06.zip,18.06/historical/historical-exams/MT 1/2021s.pdf,126305,17b5c44796612e258ed33626a1b6aaf23da16712181c6b2effb37bb8b53b4943
18.06.zip,18.06/historical/historical-exams/MT 2/2010f.pdf,89422,374adc1682c754241a8cd7b0cd5426d3d77e769f7a44b8e8404b1fddb2a23216
18.06.zip,18.06/historical/historical-exams/MT 2/2010s.pdf,48104,c956509f275878b12adb8b747deb4bf57508f43810d360f020da350c26770608
18.06.zip,18.06/historical/historical-exams/MT 2/2011f.pdf,111927,5343877cba22558385ffb109ad99efbbd9a0efa3812e74264957067bedcbac29
18.06.zip,18.06/historical/historical-exams/MT 2/2011s.pdf,34090,5fc2238b9b62eb4f3f635a08c8812d23499f54578b33078aa4583f002a7c9204
18.06.zip,18.06/historical/historical-exams/MT 2/2012f.pdf,162403,1599c9204b732db94f2b0baf98994651f477aeb73fb6ed7db0242ae19384649b
18.06.zip,18.06/historical/historical-exams/MT 2/2012s.pdf,198418,a63edbbf056736c75de54c1d3a710440d018cbc1bfdc30c17e1538ca1915e3ba
18.06.zip,18.06/historical/historical-exams/MT 2/2013s.pdf,80843,d1bebf176dd2ca3108b3dc0213612c9f927a2bfdd56bd3f6aa04aa0bfe436080
18.06.zip,18.06/historical/historical-exams/MT 2/2014f.pdf,168333,3f39b5ad28b70063b37d7b553713db32d1321821d14877fc14a0c893fcc0b551
18.06.zip,18.06/historical/historical-exams/MT 2/2014s.pdf,107981,c710207b5e565f0f7d70ed7818119eda562c4a45a8c258f23e62f87b5a280ef3
18.06.zip,18.06/historical/historical-exams/MT 2/2015s.pdf,108164,f380f1ab926c6bd5bc6bd0abcc18293e6c3fdc938307db9bf4066820bfa5a4ae
18.06.zip,18.06/historical/historical-exams/MT 2/2017s.pdf,173584,a1c801738395c21ccc29bb21f97239d08ca2e85ac214ead381707a87e0489877
18.06.zip,18.06/historical/historical-exams/MT 2/2018f.pdf,157634,b66b93386d13bcb0f8c6a4f05b68e84229dd6733946a449a048a52354a91a1e2
18.06.zip,18.06/historical/historical-exams/MT 2/2021s.pdf,137885,6f9b0be99355bc924ea8e1dd28644217ed85353a24d3e31761078a4d03b476d7
18.06.zip,18.06/historical/historical-exams/MT 2/2022f.pdf,194406,f81457b1f7ba3dea705a14e44b249ef587f5d7b3ccc47f380846ba40d1b5ea2a
18.06.zip,18.06/historical/historical-exams/MT 2/2022s.pdf,191777,e6ceaa96435e86d0187492779fabb951c2500d25485f3b4bf50e01c84fabdc8d
18.06.zip,18.06/local-coursework/Canvas downloads/Recitation 11.pdf,5898738,9c4596ae01272597e4edaf6512dd0941151cc26aaa169a1d6a46970f02e43d20
18.06.zip,18.06/local-coursework/Canvas downloads/Recitation 9.pdf,6947335,9d9fd42731fa3249ae315816acb3750505dd39673e49afe9f205c286346d8bdf
18.06.zip,18.06/local-coursework/Comp 1.1  LA.ipynb,22582,c603c0fd90456b48d90d71b4876d8fc2ce1610d9abcb22b417cf81ffc7ab041a
18.06.zip,18.06/local-coursework/Comp 1.1 LA.ipynb,22538,295ec803a954aa8a72aba8c3286933ff9d9bb7a7eba92c723c116bbf775649fe
18.06.zip,18.06/local-coursework/Comp 1.1 LA.pdf,64759,29b8cbb361bd2abc6cf07560e8cccece34aba47a83f9b80cec075cbda001d8b5
18.06.zip,18.06/local-coursework/Comp 1.2 LA.pdf,224458,65063310b64775891e8a7d676394bc7b2be637da504006c36022bf001b1e63cf
18.06.zip,18.06/local-coursework/Comp 1.2 LA.py,1365,2c8926a630fc03fd9a4866c72d55bf574fe808dfb1be3b6cd829a00b12de850d
18.06.zip,18.06/local-coursework/Comp Pset 5 LA.pdf,1991664,01551f07160a0f5eb95462090540d1f912f84ca6979fb4204a106946daf037b9
18.06.zip,18.06/local-coursework/MT 1/2000f.pdf,60063,1b7e1b3fdb799e97aeec81b9e2a874f641d12a3e9fb2002687a54193f83f4ebf
18.06.zip,18.06/local-coursework/MT 1/2001s.pdf,40969,e3fac4efb96ae849feae825f173db200efa32c543b8ab3a66709c719fdef0a02
18.06.zip,18.06/local-coursework/MT 1/2003f.pdf,92387,c30f2210cc65bb00995560747b56fcba8d7851934d09c488e9638f1e8210afda
18.06.zip,18.06/local-coursework/MT 1/2005f.pdf,69943,6a761c44a5b48df3d09709a29e82586c45ee49136f8a69110e34ef2990999a64
18.06.zip,18.06/local-coursework/MT 1/2006s.pdf,71249,38c33abb6d68321c3a3ef9024b138bec232602f6f56427a7416d9e17b3b8d397
18.06.zip,18.06/local-coursework/MT 1/2008s.pdf,88746,6b62a333cb43ebd7442be3b4f15fc18a2f21488c7c663565de7b9e21944c2586
18.06.zip,18.06/local-coursework/Pset 1 LA Comb.pdf,2214585,ab09be5e2e02ccf12d90335f0f3a9b305edc27d5dd9aa7e36c3f58b0e9551dfb
18.06.zip,18.06/local-coursework/Pset 1 LA.pdf,2108003,cf11ff0b2b6254aa5fd4ecfa1e1949d2ee64e2923e3948c12027b265b86b4b57
18.06.zip,18.06/local-coursework/Pset 2 LA 2.pdf,1685317,c7b0e4f80baee3ca09343129609e2f80bdd1167304f7374190b0212e24ee12fd
18.06.zip,18.06/local-coursework/Pset 2 LA.pdf,1636212,d6cdccdd32891bead44850ca1dd119c90e0bdc3b19dc65bc525c408cb3e74afe
18.06.zip,18.06/local-coursework/Pset 3 LA 2.pdf,2970073,7638f3d78c856428e0a9349265e3492ef5db2a4c9b15943b36001f8a66919889
18.06.zip,18.06/local-coursework/Pset 3 LA.pdf,2560517,84a0997f5ee0d83fed7a3db243feef8ea06620f60bee4be25643d3d02ce2d6cf
18.06.zip,18.06/local-coursework/Pset 4 LA Comp.pdf,2217360,a715f1d683ed23f73c25fde76809f8f405124c1331092a57769b62336d428f52
18.06.zip,18.06/local-coursework/Pset 4 LA.pdf,1743781,e4cfb5a55f3e5def792a6610febe58cf1fc3d47f138055dd8cd99722e42c0bbe
18.06.zip,18.06/local-coursework/Pset 5 LA.pdf,1544264,1983cc5cdcac217709e49ee5cc412dc7bc2683bc303919e3ab79e50f2347fa23
18.06.zip,18.06/local-coursework/Pset 6 2.pdf,1206181,bfbe8a40f7f9f6f6a0c8384d30ed495c50382afd723702703d3a2ccf03e49e2a
18.06.zip,18.06/local-coursework/Pset 6.pdf,1028915,1b60111e7b6e43cd0e69a83292c34ec74bbb222e3e6a6abc176736b94e50e642
18.06.zip,18.06/local-coursework/Pset 7 LA Comp.pdf,1473902,9584eb6f808dc7ff28b0b25a920a090af9ac5f4c8e764ce1cc9d6e35e1d37943
18.06.zip,18.06/local-coursework/Pset 7 LA.pdf,1097694,cafa47238d54147e8cfab7405c229adf703812ea0d1371f94dc69df14b35533d
18.06.zip,18.06/local-coursework/Pset 8 LA Comp.pdf,1572558,e3bee600ffd02773f8ca45e7182fcd86bb2e6279ed8c7b2961bef7870b7ea5f4
18.06.zip,18.06/local-coursework/Pset 8 LA.pdf,1065812,b68c78f558fb3da451e4f06348da5012ba5ded2d4d2792f0d9e84e89976a4fac
18.06.zip,18.06/local-coursework/Pset 9 LA Comp.pdf,2301544,13caad3e3bb3d84e2b2d56c6c8a13d37b53bd960e4976db32b98d79842d68dbd
18.06.zip,18.06/local-coursework/Pset 9 LA.pdf,1738408,833656112ba8d5c10480b38c611eab3363a93ad1e8a31d407ee7a7272d6ce8f1
18.06.zip,18.06/local-coursework/comp pset 6.… (7) - JupyterLab.pdf,186210,d08c2e9d31d50e439332ece5666581dc5c0f988c4431f81121bd72d269487420
18.06.zip,18.06/local-coursework/comp-4-la.pdf,486539,3fb105919bd32b580e3218d413f5807d4dcbf009f98be5951a2b261e8e4c94ce
18.06.zip,18.06/local-coursework/compute 1.pdf,36460,2ef30a933f44e8ae5ebf96180aeb1ebabfe328e1f2c0344456870127926f4759
18.06.zip,18.06/local-coursework/compute 2.pdf,28782,570feddb4b98c0487a1ce8ba1fce2950fb0cf5db94575e3dfb37d01828ae9b20
18.06.zip,18.06/local-coursework/compute 8 la… (9) - JupyterLab.pdf,516782,b4142bf9c82cc6b1e3f290efd4e7da9c057b181e69f96ff39c319ee2d102cf94
18.06.zip,18.06/local-coursework/compute 9 la… (10) - JupyterLab.pdf,576502,10282fe516baa53f0b3f8c1517c86724b167ba52dfdf30dd83a1dd3e1cc4b318
18.06.zip,18.06/local-coursework/compute-7.ipynb.pdf,386543,206da4a58b624f0d51a19895af1dc9b51e15ddcd9406773c71f29e138ef12b96
18.06.zip,18.06/local-coursework/computes 5.pdf,460075,6e11feb7868feaa7ca1a3b63a85ed457e612553d283a7e348c940d867cc3438a
18.06.zip,18.06/local-coursework/pset2.pdf,165462,4287b9c8370ba62e2f56ca9beb3d09d5f63ede4057fad7d96e0d521b79bcefa6
18.06.zip,18.06/local-coursework/pset4compute… - JupyterLab.pdf,427715,a6792eea4fccc7f795825006d92cd16aad49da84146a9dfb07997f2a9aab9157
18.06.zip,18.06/spring-2026/course-info/schedule.pdf,132864,826da8242a08eb56cb3088a3ff75c30b3262b92ca896fe06ce5725d476883810
18.06.zip,18.06/spring-2026/course-info/syllabus.pdf,150545,4e2258616d8df4f46d109be36ce2f9419ee7504c27dc16c84ac1285e764a05f8
18.06.zip,18.06/spring-2026/exam-practice/FourierJordan.pdf,85944,54af22b0b69943b43041081b1ce798552e7b4568d24dbe4a17828e6c4cd2edb9
18.06.zip,18.06/spring-2026/exam-practice/final_practice.pdf,139233,de362031d70e9a31c9b2daaaff2c93e788f5f2e18ffc6415bbb6cccc645f0285
18.06.zip,18.06/spring-2026/exercises/pset1.pdf,146630,13ead79a5757c2487a655887e00c96f9b608eb39d0cbecef24de78c2b4efb8ab
18.06.zip,18.06/spring-2026/exercises/pset2.pdf,165638,7856aaf74ae5b68ff011ba3fd9b3d994f6c22d9cce5e9d330713fcb665ce8d1b
18.06.zip,18.06/spring-2026/exercises/pset3.pdf,154686,c85c4ae5235ab9d450fb5eef1987ddd71bb293d13b7450fa19af391283768439
18.06.zip,18.06/spring-2026/exercises/pset4.pdf,159092,0dcfd13e48980de773a552353196a146b7f58a2c3bfee9bd1d6628d182c7d9e9
18.06.zip,18.06/spring-2026/exercises/pset5.pdf,168932,dfe7430add6db15c02c38ba21a0e836335518eb10c139cb8b0ffe14fbcb981ce
18.06.zip,18.06/spring-2026/exercises/pset6.pdf,135933,680a8e07b5eebfbfaf54b4bffb6323514c440656863d2f6a9f24ec77f91026ba
18.06.zip,18.06/spring-2026/exercises/pset7.pdf,166363,54e6273a2374c046e78c1d9fbc5a63bcec83e75434aa2d4a3d9e433537545037
18.06.zip,18.06/spring-2026/exercises/pset8.pdf,151713,ed7e3d651c6200ba9ac0f409cc8ea3788472fff7e8eba9ef5405351fa77b56a6
18.06.zip,18.06/spring-2026/exercises/pset9.pdf,158882,cdcf8a6b9d091aa06171cf3158eecffa236ae449294a728ea0f304372a43763b
18.06.zip,18.06/spring-2026/recitations/1806_SP26_rec10.pdf,129658,aab60ef98cdf3d65b80be7c10ea7c645c00098854970b4c6c744de959a78e6af
18.06.zip,18.06/spring-2026/recitations/1806_SP26_recitations-51.pdf,115926,9c7b66297768a31806e4c606cc015feae2e8140f37f04c079aad16662c04098e
18.06.zip,18.06/spring-2026/solutions/1806_SP26_rec10_sols.pdf,184513,ba4679ecdf7fb57be861e3b499a79c7a2c454c7a11a6b89f1a7eec43ccd506ea
18.06.zip,18.06/spring-2026/solutions/1806_SP26_rec6sols.pdf,143454,74cfc02926a99ab5b5df366bc7d67affbbdef4a3ad7b70614d1641e385c5b027
18.06.zip,18.06/spring-2026/solutions/1806_SP26_rec7_sols.pdf,117635,b4ad46cc141ee6bdb0804b46b10dcb9f467a88f51dede810e56fa172fb027f3f
18.06.zip,18.06/spring-2026/solutions/1806_SP26_rec8-sols-1.pdf,166783,f46a4444e9a9f73cff96537f9644261b6b3140333d5e15c4260db718b3cf1d63
18.06.zip,18.06/spring-2026/solutions/1806_SP26_rec9_sols.pdf,182229,f3de677726321499541a7b8d84a5428f081542228acdfcfb94ef45fe4ca125bf
18.06.zip,18.06/spring-2026/solutions/Final_Review_Problem_Solutions.pdf,211970,8e321460012770467befd7e4d7a004be2d3afeee087fbee5a5f178725194079a
18.06.zip,18.06/spring-2026/solutions/final_practice_sols.pdf,203622,b0b4b86db98586b5558c5aa87dbc773bf79eba59384d9ba2d50f33cae992c491
18.06.zip,18.06/spring-2026/solutions/finalsols.pdf,219079,c11a78e3bf311f1e7d269b7b1e29bb86f234dd650880f270c5a5ac605d9c93ba
18.06.zip,18.06/spring-2026/solutions/midterm2sols.pdf,163711,165f42b25afe33d90cd8cb4b6cf5f65ccf1d7d6bf32868a66f232e9d10fa7bdd
18.06.zip,18.06/spring-2026/solutions/midterm3sols.pdf,182487,611c62d5325f1ba3d99f4b424b67a5f64f0852a955be32e408308d0f6ba1d4ec
18.06.zip,18.06/spring-2026/solutions/pset1sols.pdf,192540,5ea309e6bbd217ef4bb4799ad236029dc02857e8106967686670c1cd09792ffc
18.06.zip,18.06/spring-2026/solutions/pset2sols.pdf,240539,8dcb9dad34ef34d3fd6c2c38b33035f26cc36f31fade12dd4c3ee8e6c8244a09
18.06.zip,18.06/spring-2026/solutions/pset3sols.pdf,252595,aa1d44dde4e48dfc3f7319a632c628b5b86a9fbcbdf514f73f2283b6418751cf
18.06.zip,18.06/spring-2026/solutions/pset4sols.pdf,205179,9a427c1615f39ef8d99393968fff5f31873d378657a51e54dc02ac0579d2c319
18.06.zip,18.06/spring-2026/solutions/pset5sols.pdf,314894,29cd5352f470b21b041d43ab2c3029cba27905c438e7014f658ac0f113cc973d
18.06.zip,18.06/spring-2026/solutions/pset6sols.pdf,256799,221bb8dbfd5fd0e182b088912a744aaaa218ce0c7cd94573a0fe0049ab836c74
18.06.zip,18.06/spring-2026/solutions/pset7sols.pdf,208179,7e62d99bf545357e906581482056e6207d10ef2a27054d32bd9ef15a8cf14c20
18.06.zip,18.06/spring-2026/solutions/pset8sols.pdf,218612,11120d38456e6344823376c9f7761f9c0a8113dbd0f74a45efe35a5fb3eed304
18.06.zip,18.06/spring-2026/solutions/pset9sols.pdf,450596,683d6d486224ec44feaa2cab1b0857b679f913cdc2eb765ad7870af305f8b1ca
18.06.zip,18.06/spring-2026/solutions/quiz10sols.pdf,97117,a859257bbb97acfec4072a5853992f19d75502f2ed114473b91d5c4a448fdbfd
18.06.zip,18.06/spring-2026/solutions/quiz11sol.pdf,106106,11cd3bdb70f3fc452ce6cd167f3ee56738ae6884a62a07ead1f2a1d7b07b9849
18.06.zip,18.06/spring-2026/solutions/quiz12sol.pdf,88060,b4253c9b0b987b88c1ff7550c6b111ee27bc07eef0c5a87c1a06f67d5c7e5406
18.06.zip,18.06/spring-2026/solutions/quiz1sol.pdf,74802,43a7c0d90814925761f1aa1d9b09d7fe8458adbac0aad28fe1261ccd510a10ff
18.06.zip,18.06/spring-2026/solutions/quiz2sol.pdf,98173,54b8eae589c9f26cdda504c7eefc2d6a260a8e4a8af3fe74ff0537f0470792ab
18.06.zip,18.06/spring-2026/solutions/quiz4sol.pdf,114797,3ee317ddd7c289b2baf38082869db93491047791eab157a2689b6e1e8ec92955
18.06.zip,18.06/spring-2026/solutions/quiz5sol.pdf,110846,210d3b84c4b95582189f6b887541e25d4c674ccb7eda4dd8db70dd81cf730037
18.06.zip,18.06/spring-2026/solutions/quiz6sol.pdf,105085,805371350ab176b3593a24a7057de2d21b6ff4ed41e2d9492448d14129b433ad
18.06.zip,18.06/spring-2026/solutions/quiz7sol.pdf,91712,cb3719c6786d61135e53ab67cf9ed572ccfdfd6602dea84088c7099ea6cf1de4
18.06.zip,18.06/spring-2026/solutions/quiz8sol.pdf,115926,f8b580bad93bf4fd9910c893faadf75ec4d9a73a5b759e7d27bf75eb8eb0e76c
18.06.zip,18.06/spring-2026/solutions/quiz9sol.pdf,115502,2e903a972d865671b7cb99fec8a553106fca6848e9919513d4fae7350981762e
18.06.zip,18.06/spring-2026/solutions/rec10sols.pdf,184513,4d3b045c3cc1af94188f2fa898678b8ca8b10ceb31d89178675b37a069133ea3
18.06.zip,18.06/spring-2026/solutions/rec11sols.pdf,136820,bda186967603ed2fe6d635d5b2765b6be2dbb2a5aa9bbf0ad5df7d65e7f09d12
18.06.zip,18.06/spring-2026/solutions/rec12sols.pdf,152251,a410ec64a0324916ae69b539c0fa4b365cffefd0223b22dc715eb50a3a257d75
18.06.zip,18.06/spring-2026/solutions/rec1sols.pdf,121475,26e4f12c4d8a4bf058540aec873fea2d77366796e80349f4733e3665f02d7d03
18.06.zip,18.06/spring-2026/solutions/rec2sols.pdf,154432,e36796374bb52c3ad7e918f4fb1083b0ffe75907544c9c08c10fceb6577abbc8
18.06.zip,18.06/spring-2026/solutions/rec3sols.pdf,151679,9719fcc6187909d1ba0f746c02eac7e5f21a7e04d877ba6771108828c7d334f1
18.06.zip,18.06/spring-2026/solutions/rec4sols.pdf,169170,9bf9c7385f6dc9c883f84b97da7c5f5c60a16ae3f7c4b9e3596c9ec29a41dabd
18.06.zip,18.06/spring-2026/solutions/rec5sols.pdf,127084,b2f76482fb2b1c11f8cafdfb8e7fd8c4137b75a5467ba6d006a581b926506c2b
18.06.zip,18.06/spring-2026/solutions/rec6sols.pdf,143454,683c4bd80958f31cd7ff22a33b27841fd439dbe1029e7f379adce021d5ea6564
18.06.zip,18.06/spring-2026/solutions/rec7sols.pdf,117635,98084285a6cb3be4a4795a45fee48338fb7f670b597195523c345ba6ac40b515
18.06.zip,18.06/spring-2026/solutions/rec8sols.pdf,166783,b95636ac6ff184e26328bf5289b08b3fdea70f690a84ece77004057a8a86c74a
18.06.zip,18.06/spring-2026/solutions/rec9sols.pdf,182247,99f995453c1a2127f245027d802e49bc1d167eb746ccb5289ce511f266dddc6f
6.1210.zip,6.1210/exams/final/final_review.pdf,141558,f0719433664164f6bd623ebd5e920c3c53f0e6f25ce4d2ed95f67b55a498c13d
6.1210.zip,6.1210/exams/final/final_review_solutions.pdf,164414,ffdc6a5c98f54deb0d91f018e527f458518f0e5c9793ec5ea7c295198c8fadb5
6.1210.zip,6.1210/exams/final/final_solutions.pdf,2795849,d89e892131caf59a2478605ecc1015ea28cbfb8393add1bf91b728b64c8217c9
6.1210.zip,6.1210/exams/final/review1.pdf,1031231,91a6e8437fcd93b5b40f5db9c156557a1ecae4d997971063f227f07099b5a9a8
6.1210.zip,6.1210/exams/final/review1_solutions.pdf,582456,fc2bc48dff4b955ca44144d9c941c1a5a5d10a37920c70e3319f1d941de9e426
6.1210.zip,6.1210/exams/final/review2.pdf,366490,3aed75e461fe9da83e77699757d93bc0b0418d59b9542a7ed22486710603e496
6.1210.zip,6.1210/exams/final/review2_solutions.pdf,408516,ecfa80d4af43b6cdd6019dcfd36ed63c1918ba98ca8c19a377cb3e1c154a8c61
6.1210.zip,6.1210/exams/final/review3.pdf,761834,81f8ee91501f1e4f7a5846fbb7317a8c4523e075e36f8e1502da5e97e5a244c0
6.1210.zip,6.1210/exams/final/review3_solutions.pdf,921958,731e8cf2305f24a95cc7a60ee1a66f863a37bcbf126b4eabc91bd9bdce6f0ac5
6.1210.zip,6.1210/exams/midterm1/mid1-table.pdf,128922,1466ae699e7eabb1a75af420c848892f4c9800071db63a28a7c7056866fa906b
6.1210.zip,6.1210/exams/midterm1/midterm1_solutions.pdf,611016,31d301dcf3a63efd3b907d7aa455a26436ea47bf674d19b400324ce785ee39f1
6.1210.zip,6.1210/exams/midterm1/practice1.pdf,158484,aaa0c81d366a08d923eaddac3f2fdb1d6d2be53ddc4ace87423975c1bf810303
6.1210.zip,6.1210/exams/midterm1/practice1_solutions.pdf,202417,f8e9bcff477f5e3221329045cac25fe49d67fa15eeb1b93cb8f287e1c446dc4e
6.1210.zip,6.1210/exams/midterm1/practice2.pdf,1357920,4229d4f294e40362594c9719049a35c1d8fa29c8015ea9dd7cb40b77f3891003
6.1210.zip,6.1210/exams/midterm1/practice2_solutions.pdf,1403278,b3844d77527c635ed63f50e92b57c6a08c7e073337a2f18fdf6cc88569985aae
6.1210.zip,6.1210/exams/midterm1/practice3.pdf,1175625,fbab7fd0d9865f4eaa70612e089c8f42654d5b9665b6f09e084b3a5cebba71e5
6.1210.zip,6.1210/exams/midterm1/practice3_solutions.pdf,1245520,bc17df7897eea3a9045ca86c61547fe21110c63a300926246a486d09f4798c72
6.1210.zip,6.1210/exams/midterm1/review.pdf,143993,74d17c9fd0d20b2df03e144c02b7e04479ac9a6bed7c78db5593e7feed1eb8c6
6.1210.zip,6.1210/exams/midterm1/review_solutions.pdf,172562,648f319a6ef4c02bea0cc3f13566d988f21ae28e526d0a1d14af620a749aa2f7
6.1210.zip,6.1210/exams/midterm2/mid2-table.pdf,131045,0e7abe9e6ca86840794a475b835718b63959107757e681a05a1ccd90eff3eab6
6.1210.zip,6.1210/exams/midterm2/midterm2_review_reupload.pdf,149228,7dd1085b7be858ba7977d44ffde9889623ea7717d9f6309c40bb9198deb404da
6.1210.zip,6.1210/exams/midterm2/midterm2_review_solutions_reupload.pdf,175638,ea67aed046023074f05b20af0ac12825108a13b01d85fd27f2f45ee797ceaea2
6.1210.zip,6.1210/exams/midterm2/midterm2_solutions.pdf,1006068,dbdac778091c561e3b944272f183bccb36e066fee8ad38bd176b126a3f99052a
6.1210.zip,6.1210/exams/midterm2/practice1.pdf,153148,c483c271d984b52e3eb69938b7c8e2bcee0c426f3038dd4786f45067c1c30458
6.1210.zip,6.1210/exams/midterm2/practice1_solutions.pdf,155833,31246a95c0334c3b0ee9201af4f5005a182dfe3142583ef515db5f1847e06527
6.1210.zip,6.1210/exams/midterm2/practice2.pdf,350114,64b2d4a7317f6ffce2df8553f8070096eb718206eca5aba1010ba842555bf06a
6.1210.zip,6.1210/exams/midterm2/practice2_solutions.pdf,399467,cf23b1b54a3398bf8eed6cff69f3d87a3c04d26d56887160226b0f796ae0d0c2
6.1210.zip,6.1210/exams/midterm2/practice3.pdf,156423,6ba5566e096bae264d2adbd8169465fd034cc100a9a3ba0b6221b13b6482542e
6.1210.zip,6.1210/exams/midterm2/practice3_solutions.pdf,241368,45e9a419bad6ddd65d04fdf986b78a23a343c25b50dd77961cbb0cd488786f09
6.1210.zip,6.1210/handouts/course_information.pdf,143945,c79fbc8c31d57aa69836a23bd1c586d954c5aa34bccc67a7f70f1e1baa570961
6.1210.zip,6.1210/lectures/L01-karatsuba.pdf,186237,1a9d03a284afeb0f6a0209fce61b3948bfb27d5a02e30044ff7e233bb78bbefd
6.1210.zip,6.1210/lectures/L02-efficient-algorithms.pdf,509611,88545e3a4dde173ec605158ca94e421ed16079402f2bcb8da81edd2a22a25068
6.1210.zip,6.1210/lectures/L03-seqs.pdf,161692,ed355e0eac76d833b8c632e4a007ae7a32827ef9e0b7d64c700cfaa7bd438ba2
6.1210.zip,6.1210/lectures/L04-sets-and-sorting.pdf,184493,892c30545eb7ec1b217e250a6f4556b4ec7c85168f9b20a4d2b536230a80dbfc
6.1210.zip,6.1210/lectures/L05-linear-sort.pdf,154974,71794b32828f4ce8058d9d6f9d2b2f1fe369ce42df2c9837ec93cf34ed4b1989
6.1210.zip,6.1210/lectures/L06-hashing.pdf,299282,1b797ceda1387e124b9794b6039d8560b5a040869e609e5ad3e7d7d573a34687
6.1210.zip,6.1210/lectures/L07-BSTs.pdf,174930,ab6a5a430c9521cab08bef183f44d3793bad72b1f7130c598ee28c8798a0e6c6
6.1210.zip,6.1210/lectures/L08-avl-trees.pdf,144446,dc630612cb21e4ff814c133be36818b6908d6075360a7101332ec60d4f78ac25
6.1210.zip,6.1210/lectures/L09-Augmentation.pdf,595760,5f37569d167a909bf4e3ab66a7e6f34b74e9dba4c9b1f8c26d7652f25ed0de62
6.1210.zip,6.1210/lectures/L10-graph-search.pdf,210436,5f5cf30edb8381e84d821f32277f19efa3a58cb60703a5816d602364779d9c76
6.1210.zip,6.1210/lectures/L11-SCC.pdf,361212,2ca2275b3f9c48f2d6653f9770bcfdff70fac8e5c31b38714a77a75a823b44f4
6.1210.zip,6.1210/lectures/L12-reduction.pdf,134115,11c942c6a644115d78aa71ec1a397f141842d79290f06f1f7a88f4934a34ae0c
6.1210.zip,6.1210/lectures/L13-heaps-and-pqs.pdf,159218,dd26f4d210f124eab0193edb4a093082f91f853e85189b2ea35175e1d36d9013
6.1210.zip,6.1210/lectures/L14-Dijkstra.pdf,241566,b428ae40f754bbb4e15a369f310470aaa42d3f661174d573a39d879c60ef96b4
6.1210.zip,6.1210/lectures/L15-Bellman-Ford.pdf,238646,ca5d93c3d362460cb98db677e43cb616c3fcf3bed6a767f922d6ddcb555bfd5f
6.1210.zip,6.1210/lectures/L16-APSP.pdf,445299,c69f7dd67bd34506e284d5c86672976d6739417e1a096a637895e435785d2786
6.1210.zip,6.1210/lectures/L17-greedy.pdf,149828,346065bb8e151fef4a2e36dd8eb998166b88a59ded666459c85fbec9aa4722e7
6.1210.zip,6.1210/lectures/L18-huffman.pdf,318846,f18fde7d8e81eb39dd12fbd88155cfb3209994a0ea2dff71a4476ff2c3c98503
6.1210.zip,6.1210/lectures/L19-DP.pdf,370671,57d5bd5f5d33257ebc4eddd1323bbc89448604193a5659008588c8b0679247ac
6.1210.zip,6.1210/lectures/L20-DPII.pdf,170318,0028c932ee1aea929b80edd581bc0026d78598d327ab084834ff2b5d1fd72dd5
6.1210.zip,6.1210/lectures/L21-DP-SP.pdf,135118,e8a5d2aa8f5c6e14b59825e0fb048279649fd6fc0fd63564d50247e0ab460be1
6.1210.zip,6.1210/lectures/L22-DP-Subset-Sum.pdf,146486,6d93d935470f8e69327a48e45793ce0350865032f205415e81070c1ea6edd159
6.1210.zip,6.1210/lectures/L23-Complexity.pdf,157602,24cb3d4b5e61e39a9a79c9d2787c997fbb81ac62f4a5399e63c1cf64a92728ea
6.1210.zip,6.1210/lectures/L24-Computability.pdf,158227,3d87f081b2d7f1461c634ac6720d99010f2005c101c0f2ed87737b1c73f25ebe
6.1210.zip,6.1210/local-coursework/exams/final/review1.pdf,1033639,dd745557176af0c01e36063fe9268fbf8536eba95bccc0b7c226eb48ffee9c41
6.1210.zip,6.1210/local-coursework/lecture/L07-BSTs.pdf,176677,2ed766c7016bd589a70a675fe77ca81b55a6fd6520a03f261120df7c74490e45
6.1210.zip,6.1210/local-coursework/lecture/L13-heaps-and-pqs.pdf,159220,a86939d54527542fe03734a7ffa28ff1aa87c781de721541a86226b13779c49c
6.1210.zip,6.1210/local-coursework/lecture/L16-APSP.pdf,442935,d956d435de30e0928d82ec7099f4a62a0d9e1ffe34ba92df91b0fe5595309111
6.1210.zip,6.1210/local-coursework/python/pset10-count-paths.py,1672,5bfaa1f94375400833c9cc02a760ebf0c785894aacc7976c86d37ed90d436984
6.1210.zip,6.1210/local-coursework/python/pset10-tests.py,1854,54d3e1c7b5f8312dee2da44a2501b36eea06746bb00024f58a91434f7b54a476
6.1210.zip,6.1210/local-coursework/python/pset2.py,3624,de258c9303f601662bf5448b90e4298be7227ce2992bf11a70e44e089ebb8821
6.1210.zip,6.1210/local-coursework/python/pset3.py,1213,ad81cf2004c46ce0c0562db57ccd62617261af2bf384deac03d50c7903f6f39a
6.1210.zip,6.1210/local-coursework/python/pset4.py,6738,e7c5112477c4c2b1283098adf6e96d4f49e77d7cb20402c633c429f7907c4d04
6.1210.zip,6.1210/local-coursework/python/pset5.py,2104,0f1396d31608a5d32f3783a518cc63715ab0ee51d5411cefc8c07a4adcec7c18
6.1210.zip,6.1210/local-coursework/python/pset6.py,844,560d59272a6dae682370a95e47765938b286a3a8c8454d17456e222c39e296e2
6.1210.zip,6.1210/local-coursework/python/pset7.py,5299,8bfc1ac329f45339e49b9cc074e7a8254052035a926fa453facd4ed869aeb1c6
6.1210.zip,6.1210/local-coursework/python/pset7b.py,10125,57272db9eaa9531ece935b2e513ffeb6389c4d7df8586030efd71db78f0cdffd
6.1210.zip,6.1210/local-coursework/python/pset8.py,911,eccbe7f6859f8d0a8400ae2357e2ab091952c7ab72e45668f8afe16ae1dc6fa3
6.1210.zip,6.1210/local-coursework/python/pset9.py,754,ada3a8c29913330533ad68669ea0dd5cbd847323cc3a33678e4cb85e7fd5828d
6.1210.zip,6.1210/pests/ps1.pdf,118650,d598bdc17296e73d9bb851ae7622a5ba44942a90da151a87101e446318c6f48b
6.1210.zip,6.1210/pests/ps10.pdf,153921,5162ad73e00c9b43961c8993f1536b2ad1b49df41f12cc6da729ad0dbe75f26b
6.1210.zip,6.1210/pests/ps10_solutions.pdf,190588,cbbf0d118f4f74e0bea54c97887c167f0555f89ce453afe242be6f0a6d6d9fe9
6.1210.zip,6.1210/pests/ps11.pdf,112271,cf2cd51f1a5bcec6683c78249598a113ff43084ee7989391daf0fe25f6494714
6.1210.zip,6.1210/pests/ps11_solutions.pdf,137809,e7df99c007ce173579bac4f9cb13c77a05ec26dbf316ab6b86d36879132f3922
6.1210.zip,6.1210/pests/ps1_solutions.pdf,169513,cc2e9d9777518950f558633e7a67118b5a7b1354de6fb5d2e7d69f139f4e4bcd
6.1210.zip,6.1210/pests/ps2.pdf,140611,93c465b44598c11968906d3a03eaa2d10deaaeccd2b0d858eb971ea07bd96d13
6.1210.zip,6.1210/pests/ps2_solutions.pdf,198008,53b3a4c9aac5cb4071ad96334c94842be51a1eee2838b58cb3fa61db4ca95972
6.1210.zip,6.1210/pests/ps3.pdf,154709,50018b48b0f5e94c4dc69ca834419171edb765b96429176a5c5f049da269dfe9
6.1210.zip,6.1210/pests/ps3_solutions.pdf,204596,cc58de237895f1aa644978278fb068bf11f85ea3350c181d2f5cfa3ab93acb55
6.1210.zip,6.1210/pests/ps4.pdf,115197,689af3fe8b928f802e311bcd67a0f5b8242f00ae431c878438c869488f803458
6.1210.zip,6.1210/pests/ps4_solutions.pdf,152675,331849e74fef29d21652de0391199f0a05dee3d12e09b46ca61f3ba76ed7827d
6.1210.zip,6.1210/pests/ps5.pdf,139122,df0d0a0f2b3ad2d1a9130b9eedd4fc90633b1da0d64a2919508c5c7450b44651
6.1210.zip,6.1210/pests/ps5_solutions.pdf,175166,ea697c12bb6f78a82964400f9af6fb3b7cb9fb51fcc053447db790fee723c0b0
6.1210.zip,6.1210/pests/ps6.pdf,121460,d7a852cbe4185b01acade5761350bafbefe41ecd910ad21ed86dcbe469430384
6.1210.zip,6.1210/pests/ps6_solutions.pdf,151050,d6e5d417be2bb13c0dcc675cd5ef34c0510ec0f8f9f02827358876e970430969
6.1210.zip,6.1210/pests/ps7.pdf,119310,c6cd70b560efade1b8dd82146b00e3c77b00a77aeff4b95f96bfcce0ed80fd98
6.1210.zip,6.1210/pests/ps7_solutions.pdf,147333,8b9b5a56b93303df389e155aef2503a52c23521c841d24ff9b4986e835b64755
6.1210.zip,6.1210/pests/ps8.pdf,137443,01eb0c52a31d6b1f70b505b526b036091e932542b8df7cbd02a05ce874e8a87e
6.1210.zip,6.1210/pests/ps8_solutions.pdf,167149,bf5d369bf1c1952456b9f6d337d9ed5f4c0212f15816da36d949323505ad5d02
6.1210.zip,6.1210/pests/ps9.pdf,139666,c046d4cb4697b575efd840c84c51252d7b536ac44077cce076071b0929bf7481
6.1210.zip,6.1210/pests/ps9_solutions.pdf,192173,ada325f966b54b91f5dc9c8f6be0f56011077d8ef2fba0240b7044652a978802
6.1210.zip,6.1210/pests/student-template.zip,9916,3684114c667d2aa4b0e851ad9ceee22af0253ac94bf1e2a06041ebc8cf1d8417
6.1210.zip,6.1210/recitations/R00.pdf,215942,7a9eed96f1a44d50807b96dfa12d7e5b10a2a6c6b5419942dfed2d7c8b3b7c1e
6.1210.zip,6.1210/recitations/R00_solutions.pdf,237117,44e675a002cd015dcd467dc4bd4dddbcbf2aa00beb4134d07d1e8fef8dbeaa7a
6.1210.zip,6.1210/recitations/R01.pdf,131952,ddd6e1782671c581bdb9cd1a6109edd5851ab2dd0fcedb7fd076a3ca03f5a8b2
6.1210.zip,6.1210/recitations/R01_solutions.pdf,299410,bfc8f473febf4d2c3d51ded8b64026d59fcef1f08673a1fe4cc4821dfc87b958
6.1210.zip,6.1210/recitations/R02.pdf,109445,81f96be9810da88b8e0e1ce32fd47f4efba7b828d1be831dbff8ac8565ff8a41
6.1210.zip,6.1210/recitations/R02_solutions.pdf,142389,c31e445fe4d8e7e4fb4c208383eab14bbb2a89ea38e90f79d156b0154d99b8b1
6.1210.zip,6.1210/recitations/R03.pdf,65862,d51348c62d5c84d47da7c64919f2dc67c169c69c78e97e397555445b3470fe06
6.1210.zip,6.1210/recitations/R03_solutions.pdf,97092,48a3434c920f0ec21ccea2ba91c72d06977151310e1bd46dec8baa1b08538125
6.1210.zip,6.1210/recitations/R04.pdf,56166,0d1f0ecfc5cf2aeee82135bdd1ed6d83999deb244b380d57d0326ec700ab1fd3
6.1210.zip,6.1210/recitations/R04_solutions.pdf,120886,a358fc61ffa74beee61be1182203f930a028d28c92411dfc750613d67ca95e6c
6.1210.zip,6.1210/recitations/R05-06.pdf,149636,b7fd4063d12736e9b3a23068054f6a145d15c8a005ecfeca920b8929341821b6
6.1210.zip,6.1210/recitations/R05-06_solutions.pdf,175180,ef75a1ada2e3d34da965e1c50aaa6a6e6133c2fcdd565ad590da6513acf73cf7
6.1210.zip,6.1210/recitations/R07.pdf,113749,8c6792bcf6262451305bb9b7475e93dcb02f8d6364a6f7109ded28fd6e4dc069
6.1210.zip,6.1210/recitations/R07_solutions.pdf,145164,471b33aeaea667dec12a8011c006327355dcc83f1c8cd89e1f46005813133cde
6.1210.zip,6.1210/recitations/R08.pdf,88914,02b0e8020b39487a28d081b08d11b0b90e5566e8890d371dbb9c1f5de4aab571
6.1210.zip,6.1210/recitations/R08_solutions.pdf,134836,b0e47bf22b14b90497b95c7f9b3fe58e82cea00f422d2b78e2ba4c5e03afa871
6.1210.zip,6.1210/recitations/R09.pdf,93816,041a67d3056eab8238f9259cc9b8d51020ad6b3ef6a940e324d1bdeb7770e03e
6.1210.zip,6.1210/recitations/R09_solutions.pdf,158507,7719cbcd51ea8e82ebf35c9a024b5c09fa3b7e16ca48e162cdba1458bff6994e
6.1210.zip,6.1210/recitations/R10.pdf,75085,e2758c6ffafc82b72cf6133304756af5c9249af4b957dbc0f123a20f43663cc9
6.1210.zip,6.1210/recitations/R10_solutions.pdf,109488,8eb2fc63dd561c41ca735f79e565867b2a2c03e2197822a9b23483c3a59369bd
6.1210.zip,6.1210/recitations/R11.pdf,77629,c60f13b082c0baadf7b7e004d4cf86d6015b6d977c0940989d12835b7d41a3af
6.1210.zip,6.1210/recitations/R11_solutions.pdf,96744,c360ddba3384823f4deb74316a8ffa29d238cb1c7bd14731fa5959c2d6d0aa34
6.1210.zip,6.1210/recitations/R12.pdf,91239,8c39d34f1f815554392a54d760b379210e2c0671a52de17e9353dac45dc2dce4
6.1210.zip,6.1210/recitations/R12_solutions.pdf,110817,baa823186495bfd505c1a718ad4469b8d36e9c61469e38882b22fc98d7987f3a
6.1210.zip,6.1210/recitations/R13.pdf,117439,7c80c843ef4d83fe31237cc58eb3f630d482581781fda41ef6bc6a3de63083c5
6.1210.zip,6.1210/recitations/R13_solutions.pdf,172345,4aa29c0eb5e60c4d3f248bb4d175a676cc37696a597d49ed2737534a710b65da
6.1210.zip,6.1210/recitations/R14.pdf,98497,019baeb1d3bffff3d9768bcdccadb8a64fd9ad61f6f29d90bae21a01465dbaff
6.1210.zip,6.1210/recitations/R14_solutions.pdf,127966,5d856883955a2f0011849a3d6a5e8dfada62907bae8d1fc925b90f0073b0abe7
6.1210.zip,6.1210/recitations/R15.pdf,94159,4a0e137868cab0eb5b9d9d4aba5e7e32d64306dba182e9518ac3fcb621d3bc56
6.1210.zip,6.1210/recitations/R15_solutions.pdf,143188,1c8c4581a32a89bbcef252473df46f202413d65fdc254632c05a367df4079fa5
6.1210.zip,6.1210/recitations/R16.pdf,97549,71e5e084c9093627422259011c0413392831c43e18888b90e3fa1111883d238b
6.1210.zip,6.1210/recitations/R16_solutions.pdf,120776,f064980270adb9f52cdf99344dbec9c6ec5f220bd9c9a4dd4b4073306856cc5b
6.1210.zip,6.1210/recitations/R17.pdf,120226,b635213c115b8a2eb2cfe8638707f0fc01d398e354134a419f734d88585e32b8
6.1210.zip,6.1210/recitations/R17_solutions.pdf,159890,3500976244a33401597248e84f4c030d8c060f82ae3f3ea8815c2cfea367caaf
6.1210.zip,6.1210/recitations/R18.pdf,77645,29b87e0df7002144450c0e48faacb17c5637b5da0e9e8153e8c3e9720acc4c91
6.1210.zip,6.1210/recitations/R18_solutions.pdf,136197,798b4c0a206a6d7451e805b0f132a322fe6364a3d38db7989bb6ab9b26468528
6.1210.zip,6.1210/recitations/R19.pdf,97234,3b52d08ce3b9438c4fcca3b3558fc88de2458d0150c4388aa9f7106c5ce46fcf
6.1210.zip,6.1210/recitations/R19_solutions.pdf,145435,223f298c6cafafde56b6c36f16f68e167f5b094840b1aecb235c8e37359f0311
6.1210.zip,6.1210/recitations/R20.pdf,101353,053aba230dc26dbb64e002148542fa2648f1376173608eec271350151e0351f1
6.1210.zip,6.1210/recitations/R20_solutions.pdf,149169,18d8316eef8c04065dcb5cb5b7edabe39a253933d36fb8dd5dfb0a00fbe1341e
6.1210.zip,6.1210/recitations/R21.pdf,107665,a049b56382946116eff47a91cc3c3ad46a0ec8d4def5b798874503a6f0cc40f9
6.1210.zip,6.1210/recitations/R21_solutions.pdf,181666,9ee275a6a0eedbae91436d8980812d1ee290c963b972552a1dc99301d140095f
6.1210.zip,6.1210/recitations/R22.pdf,133830,ba2f5841ef9389cf7edb2516edaf8d5db0162c9ff017a0524487533e2c7b95d6
6.1210.zip,6.1210/recitations/R22_solutions.pdf,152381,6019ea6ae7de19bbcf47c39c177b8b71d6c80ca0edba73ccc98e33d33f490c03
6.1210.zip,6.1210/recitations/R23.pdf,103426,b91343e31b74ce8f25b7819f8d957e4a434cf73776bcf4aee7f98347f6129440
6.1210.zip,6.1210/recitations/R23_solutions.pdf,119769,1d079d574298eae4d8e97bde23f4edadec89d6661168a7ae01c894144683cd45
6.1210.zip,6.1210/recitations/R24.pdf,257526,9a17cb1ce1ca89af3302a967fbe59af69772a2e1e8d4353cecabcf128ae07880
6.1210.zip,6.1210/recitations/R24_solutions.pdf,318361,3172315122cc03538069aeea2e0493dafb82fd1fdad30f952c0eeebbb1abdeb2
6.1210.zip,6.1210/sps/sps1.pdf,83152,94654c78846fcd76274e9dfc093aee95f4638b9fc9083b2052531dcd3ede4b02
6.1210.zip,6.1210/sps/sps10.pdf,115734,a7af3d870be44293f0b92fb8080eac449b6aeff17c854ee8eec1d4b8649eb283
6.1210.zip,6.1210/sps/sps10Sol.pdf,153874,566b4330ae819bab731572580c6a7dae72b4db407c5bbeb3f9ed993d7ee93a0d
6.1210.zip,6.1210/sps/sps1_sol.pdf,120393,7a3c2c4ceeb4fce4314660ffa378527705801576f92b5ef2752383485b183782
6.1210.zip,6.1210/sps/sps2.pdf,147076,2d807499ba51d85ba7262b9e7e4a007b07ae7391f40c63012bbce3edf6817820
6.1210.zip,6.1210/sps/sps2_sol.pdf,185272,d2cdf412df023d732661986467ccf5d6caa29e99a649851041092928cbde5951
6.1210.zip,6.1210/sps/sps3.pdf,123704,0df6b0f5f2c631b8ef7cd9b29a42e2801c532bd029b2a74327d9e9e92a160cd8
6.1210.zip,6.1210/sps/sps3_sol.pdf,144351,73f1f8fa445a3fbb9562c4e80c7bcc6237bf04d955b2a10b6e61399fe5b31c72
6.1210.zip,6.1210/sps/sps4.pdf,87230,a49df318eb4a221ebed48914560dcd9013ceec1d6c9e4d50589bd7b91125b3aa
6.1210.zip,6.1210/sps/sps4_sol.pdf,114104,b6839940ebba103b6ef1686e8f3245bc3077e21b5c99743ed28c57a3ddbe7612
6.1210.zip,6.1210/sps/sps5.pdf,97558,71ce2a9b12eda6630aeaa3f4bd7f6d02c31a453788e26cd9b5853b13100fcb9a
6.1210.zip,6.1210/sps/sps5_sol.pdf,131847,54f3f4890b98e9939bded661d22cf1104bccc285eefc8c9448d4595299a8d998
6.1210.zip,6.1210/sps/sps6.pdf,142746,af1c6e7f08a33f65eb6652dd2b71cc6ae903c5f834b03135d5041bbb79509bfc
6.1210.zip,6.1210/sps/sps6_sol.pdf,157485,55ae2e473c20fcd9a545cf2cc927c914d9aec130d3b783524a722945ebd5de80
6.1210.zip,6.1210/sps/sps7.pdf,104716,40468238f84fa8422cdf14c6a04a76070161695bf152e3be436ae87a40a9af5e
6.1210.zip,6.1210/sps/sps7_sol.pdf,113149,71061c81d493ac4811300bd21c9132470c116469ec88cf461e1b639b4d7013c4
6.1210.zip,6.1210/sps/sps8.pdf,101451,819336c16569b33ab0f500e4d95c21c7de3c7a069bc0eccc1983e75eafa821eb
6.1210.zip,6.1210/sps/sps8_sol.pdf,124124,77c327a15f2b5e75362d30fa0a69d28623e9e51ad7f47bb85708f35f571c0c31
6.1210.zip,6.1210/sps/sps9.pdf,112562,0c449fc3f929931ffb5be90240216420080ea37aea31e372c228a76103f96e84
6.1210.zip,6.1210/sps/sps9_sol.pdf,143459,c3db67779302851db5d29553e7872bb92cfa923ee8ee5843bdfdc5d7867782ea
6.1210.zip,6.1210/unfiled/Computability-Terminology.pdf,88145,79e34b485a08e2dd4a3bce630ee15f4005805581450c3abbefe66cf316ba308f
6.1210.zip,6.1210/unfiled/Tips on Writing Solutions.pdf,114436,8d11ca8e7699a58561989bd526c4e42dc058e16881c89e50c72748a790cbc9ec
6.1210.zip,6.1210/unfiled/rec20.py,1650,9ab2d9c7e5d1c5b116b5504c23fd23f5a6d38eac70bd8b197c1588593bca6714
6.1400.zip,6.1400/local-coursework/Diagrams.pdf,129705,c75a33f887166967ec075c39744d659dbe4a5f9c8652bef38b62a379b8d1439f
6.1400.zip,6.1400/local-coursework/Lecture 7.pdf,165850,a14199c134764b347c51f021611b5839c985cb17e185428c320d90bae9948bd0
6.1400.zip,6.1400/local-coursework/Pset 1 CCT.pdf,351659,5ba521ea25aded3e6aa2237c128edc5a6a31303d98344ad4d93a3a437f5f2489
6.1400.zip,6.1400/spring-2026/exam-practice/18400_example_final_2026.pdf,132924,e47c891f4db416062c13f99d368aade91594c35595952f3050166f415c9463d8
6.1400.zip,6.1400/spring-2026/exam-practice/18400_example_midterm_2026.pdf,117943,ce8366a5a2ae7546089f6c598be987033ad03ec4606f46727fdea735f41b0e7b
6.1400.zip,6.1400/spring-2026/exercises/61400_Pset1.pdf,116142,0ced710aadc5ed893ef39d377342924f9b0b7acb082dda77ce6bfde81808c07a
6.1400.zip,6.1400/spring-2026/exercises/61400_Pset2.pdf,119026,0e95f9926c9f8a6f27fcc6d3ec7ff40c687941f717a2832e3a16a8181eee0aeb
6.1400.zip,6.1400/spring-2026/exercises/61400_Pset4.pdf,126584,4c485a1997d2e128c4ecae755c74b832f1d9ca3afe0eb1dc84c5df965bea6785
6.1400.zip,6.1400/spring-2026/exercises/61400_Pset5.pdf,142482,b596ebea0c42d42eedaae2ee7067863954ead0ba33692bca53aa4ab2768b14d4
6.1400.zip,6.1400/spring-2026/lectures/Lecture 1.pdf,168746,742758fe112708f045c89de4a439541c985099438d7ae0954471f176b247953e
6.1400.zip,6.1400/spring-2026/lectures/Lecture 10.pdf,159035,95c9ff2b67ee7af6e89d18c8da53713696f25aeb2cef7328c241be3ac2ca0d6f
6.1400.zip,6.1400/spring-2026/lectures/Lecture 11.pdf,135751,748feb5edf3850d613b2094aa4135de611784a91dbdbe433c30c9018a66b6c42
6.1400.zip,6.1400/spring-2026/lectures/Lecture 12.pdf,124535,31e00be053934e240a1216746b71e345976804db9a47374dda5c5348e14355e7
6.1400.zip,6.1400/spring-2026/lectures/Lecture 13.pdf,154760,7da6cc79ae2418815b3499dfc99e682e50399a440a6e58a822ba54e8e151d24a
6.1400.zip,6.1400/spring-2026/lectures/Lecture 14.pdf,163932,a338e377191da9980985abf4d8d912fe6866701ecc7f774d1929cbcecbec9f40
6.1400.zip,6.1400/spring-2026/lectures/Lecture 15.pdf,153379,66c5144cfcbec2038006d3523f55d6a1bee9c5209cafef3335935dd63536fc44
6.1400.zip,6.1400/spring-2026/lectures/Lecture 16.pdf,176872,62e7b8cdd26e2aadd9c63761bfad62ca0e8b294f7d7392224d5f5ea3cac7f38c
6.1400.zip,6.1400/spring-2026/lectures/Lecture 17.pdf,176102,182413dc14e747b206572d37229a0df9eb0193e6d689e817a2f181ee4affdc7d
6.1400.zip,6.1400/spring-2026/lectures/Lecture 18.pdf,170853,7e47399b396e824a69a7d0e7527e6fe0d78c54e9dde461c1c7153d93429d2c06
6.1400.zip,6.1400/spring-2026/lectures/Lecture 19.pdf,197053,de636da1b97763864a0858953acb88b389ba627b175c58462dbd948ff7c4e4eb
6.1400.zip,6.1400/spring-2026/lectures/Lecture 2.pdf,184609,701e91ff5f3ffba2715a7236fdf0c5e6a0fb3fdbd7083211730797e95dee827a
6.1400.zip,6.1400/spring-2026/lectures/Lecture 20.pdf,183923,2251ee6c54922c99fa7a0243b3b994237e535c67c96062609d46003ddde3a6ad
6.1400.zip,6.1400/spring-2026/lectures/Lecture 21.pdf,137801,107b67c3cf01644d8e666edb08ee3377928bdb723af90f8372c9b4aafe17e9f5
6.1400.zip,6.1400/spring-2026/lectures/Lecture 3.pdf,148804,9497c7a8de112f0f5c95dc8212cdd25a307ee7e946ea6b93f9408a38a5f15f8e
6.1400.zip,6.1400/spring-2026/lectures/Lecture 4.pdf,145865,09b29e042a5eb9db7ce0dd9964631cc7b775dd430ba58b4390a3a7d3a7c929db
6.1400.zip,6.1400/spring-2026/lectures/Lecture 5.pdf,159748,08b8f94f926d510ea121d38fb480964f997f4fe2f3b3280d5dc910e3215b3b9d
6.1400.zip,6.1400/spring-2026/lectures/Lecture 6.pdf,144852,11b23b3cf0f50dbf1e5e4a8e6198ed94d4bba7f440d2ff3eaa9037b8a18456cd
6.1400.zip,6.1400/spring-2026/lectures/Lecture 7.pdf,201134,cfe2e53e7ff418d79c76f4e48e711e660cfd3b09a10cc55bd38fe110ff7ccf54
6.1400.zip,6.1400/spring-2026/lectures/Lecture 8.pdf,167510,70cf720ccad1089ad8f6dc7e925791ba78bbcd8233bc6f1fbfe238443a46894a
6.1400.zip,6.1400/spring-2026/lectures/Lecture 9.pdf,186694,456fbc8c47501ea9deb6a05c85113058ae2c4f7c64119a4322c4f3938fddbada
6.1400.zip,6.1400/spring-2026/notes/proving_non-regularity.pdf,138943,74be9a07fdd601258079938390614acfb5cc89c49c6e966aafc63414c8cb9ec3
6.1400.zip,6.1400/spring-2026/recitations/61400_Rec10_Slides.pdf,239075,c4427345cfdb5e1402cce9e3b90cf7daaaeb6ef8bf4deb884eb100d7a95723cc
6.1400.zip,6.1400/spring-2026/recitations/61400_Rec11_Slides.pdf,244207,d140f2564a6c1b2b73656c69ddb29dec0e5024c780bd2390a2407f3c5e59cf94
6.1400.zip,6.1400/spring-2026/recitations/61400_Rec1_Slides.pdf,135873,3e37c36b8cff91834ae2d7202d7a6d88d820c7c71ac8faac8bf4c4e7b43acac1
6.1400.zip,6.1400/spring-2026/recitations/61400_Rec2_Slides.pdf,165540,ae1f7824814a261ca3dc5f1d0f6c88057288e91804a1f1effac2fc7c9b62d6fc
6.1400.zip,6.1400/spring-2026/recitations/61400_Rec3_Slides.pdf,263386,c9dca69a8bc939f6d2c6fc48afec22cfbc1cf04bd2cf2d72821781109f3f1253
6.1400.zip,6.1400/spring-2026/recitations/61400_Rec4_slides.pdf,263381,ecf5ce23b3818313d4dda333e5c35e292656bbca1ccd66c2a70e64225f8687ba
6.1400.zip,6.1400/spring-2026/recitations/61400_Rec5_Slides.pdf,180556,079cfb6b2978d2dd036e61c3cc308892dffff3a43ee691a6a559b566b64bde0b
6.1400.zip,6.1400/spring-2026/recitations/61400_Rec6_Slides.pdf,177097,3dc3d4473c4c7b00383b68cb26e7075d5d420ca7f15c4b0113b023dc74196adc
6.1400.zip,6.1400/spring-2026/recitations/61400_Rec7_Slides.pdf,219915,6f3a9aa65b71e3dbf7935eba4929170e0d095f0816ce6620f273e7b67b03a63a
6.1400.zip,6.1400/spring-2026/recitations/61400_Rec8_Slides.pdf,198093,f988971461d103f8c5d2800c5865a1fe34f5ee2d3904129f7d95dfb303c2d18d
6.1400.zip,6.1400/spring-2026/recitations/61400_Rec9_Slides.pdf,271348,924c98777bc62fb0f7924cb94644b25566ce672700582a85e33c4202bff5aa62
6.1400.zip,6.1400/spring-2026/solutions/18400_2026_midter_sol.pdf,158036,2466923aad262d2d61192a20255ec73964116027f1525b4f9b81dc72c3d97e54
6.1400.zip,6.1400/spring-2026/solutions/61400_Mock_Final_solutions.pdf,165955,5351b41ec989f3964918a6563682a1658b21eca7d331a949cabcd06594ef03ef
6.1400.zip,6.1400/spring-2026/solutions/61400_Pset1_solutions.pdf,143791,09ead0d851c6247ba6f4d859e983c96b7ba82422dd42188e5de12a22212afd55
6.1400.zip,6.1400/spring-2026/solutions/61400_Pset2_solutions.pdf,165068,f275ee8a1996708c8bd7f7ce82a0655d34d830d391c1657a1a4bfbfa3eaa99d9
6.1400.zip,6.1400/spring-2026/solutions/61400_Pset3_solutions.pdf,136865,bc7c330e7e19bc47a8dbc760aa4cdaff69e631373e274b7c269f7186586d275c
6.1400.zip,6.1400/spring-2026/solutions/61400_Pset4_solutions.pdf,155470,b7d5c825e1623d98751c92744a5f4f9659ebfa9ba2eeb3b3df7f620a55bcadf9
6.1400.zip,6.1400/spring-2026/solutions/61400_Pset5_solutions.pdf,172467,dac837f76ec7496d5637d69c9a5ad72362f45adecd43c4a40f516bc6b8820c99
8.022-local-coursework.zip,8.022/local-coursework/8.022 MT1.pdf.pdf,2134412,3a9cbd36932680cd3e5de4d8f660a0ded27a25b5a8a63e7cc11e3b8d7b220c3d
8.022-local-coursework.zip,8.022/local-coursework/Lab 1 EM.pdf,102319,605d52def9c698ddbde604300285cecc274b1cd019720868d406b29f56b48a23
8.022-local-coursework.zip,8.022/local-coursework/PSET 4 EM.pdf,1546209,b9d95972b4a0c2d15b562df87d4b46c667570e93c5dc0c3efe6c5eb0e141dd15
8.022-local-coursework.zip,8.022/local-coursework/PSet 6 EM.pdf,1523938,b7275747e9dcb7be46765897e080c9720de30f029356e790a1aa940a982680f8
8.022-local-coursework.zip,8.022/local-coursework/Pset 1 EM.pdf,1838926,1f4f55a03b5f4d069952b787382eb52f1731df5bb58c7b5d8747c656a7997009
8.022-local-coursework.zip,8.022/local-coursework/Pset 10 EM.pdf,1013236,bc62e06ac5410d25f1e2ea2923e60e77ac5d8c836a679a2873b69e6e86b61da0
8.022-local-coursework.zip,8.022/local-coursework/Pset 12 EM.pdf,1627453,c6c50ffb4cda7b5aac74ae22ec1c9e989ac30026f6c288929325887157ecb5f5
8.022-local-coursework.zip,8.022/local-coursework/Pset 2 EM.pdf,2062901,f47e2b38fbe5e59c4baf639026ca9675a10a978e1ebfb3c1dbe13365a3212416
8.022-local-coursework.zip,8.022/local-coursework/Pset 3 EM.pdf,1476052,5b27cd6de66cca0ad9b73697fe4d02187bfd451da88384edcea69a89b9f5bc19
8.022-local-coursework.zip,8.022/local-coursework/Pset 5 EM.pdf,977894,c53842a72aa5c6afd7db6de6a03cd8bdf37e2b6a54ffd3f131420b502cc01579
8.022-local-coursework.zip,8.022/local-coursework/Pset 7 EM.pdf,1646331,95498f84d1ce81ef786f30bd0d44b96247371abc00f4b2da706c671f31303647
8.022-local-coursework.zip,8.022/local-coursework/Pset 8 EM.pdf,1534454,1ca8356a56e5ea0baa79604ea3c90579abadfcfea6c5e5cf605ffd8c0a67279c
8.022-local-coursework.zip,8.022/local-coursework/Pset 9 EM.pdf,1316679,d85fca18c75d5db5f9ab6fa2a2744c2feabd8ffb74a529b87a5ec221b2bc751f
8.022-local-coursework.zip,8.022/local-coursework/RQ 10 EM.pdf,767479,3b7df6077cf32b03371c65feefca597418d6cf49f76c0ff6cb4de59a5cd9d9bb
8.022-local-coursework.zip,8.022/local-coursework/RQ 11 EM.pdf,208574,1c7c98be3111b7dd2c1198206fd1796312fab6d5f30f6f7c8b6fce0b3c350bb3
8.022-local-coursework.zip,8.022/local-coursework/RQ 12 EM.pdf,226626,f15f008d4d66cffe20bf3e1e26c261570b159705d2e5328d28073494ee3959b8
8.022-local-coursework.zip,8.022/local-coursework/RQ 2 EM.pdf,393816,ef4838b73734309943621977b14c7cd6a0ef78fa42cedf491355795a05e07320
8.022-local-coursework.zip,8.022/local-coursework/RQ 3 EM.pdf,473586,e5197d78b720afc622d1925e3dfce26d7d19bd668c8115a6f28def6f22dbc98d
8.022-local-coursework.zip,8.022/local-coursework/RQ 4 EM.pdf,331299,243d765fd2f506bb587b8ab90c1cee2f6db297d7f03415fb4cadeed1c2d1a94c
8.022-local-coursework.zip,8.022/local-coursework/RQ 5 EM.pdf,471331,fe42bfa1905b15f06739e3ba0723ebdc8f08bef1ce25634935546e3247498dbf
8.022-local-coursework.zip,8.022/local-coursework/RQ 6 EM.pdf,212106,253f2e64b740f81639ad95e1f82ab1d1e988af6a2470b5f24fc1378180eb86dd
8.022-local-coursework.zip,8.022/local-coursework/RQ 7 EM.pdf,260850,50ac8ac31eba704c223d861f394d47389e4b5090c52d660f34fc5e688b752583
8.022-local-coursework.zip,8.022/local-coursework/RQ 8 EM.pdf,462178,6b5b5783ef199dd9c0fb1d4fd755e9f5b91c8d34be75d86359247d4a676d3a98
8.022-local-coursework.zip,8.022/local-coursework/RQ 9 EM.pdf,372138,8d5c65d710778935b0d579be68dab050f5fcab9e81f98ba8badde4c2c3f765d5
8.022-local-coursework.zip,8.022/local-coursework/Untitled.pdf,1163982,27e5e6b377d90da4f3288fd4577d9b9ecd3e365d7f4cfb0eb3684e9b5d7b8f67
8.022-local-coursework.zip,8.022/local-coursework/from-18.06-folder/Pset 7 EM Comp.pdf,2018935,941fc77b55ee65c728d50e61ca8f181f18adc523b1efd097891d55ae0674a51a
8.022-local-coursework.zip,8.022/local-coursework/from-18.06-folder/Pset 7 EM.pdf,1642809,11f8482ef3fb07a860c8f613c3696378bcd56b715f5e186d2fd58874a3916a7e
8.022-local-coursework.zip,8.022/local-coursework/from-18.06-folder/RQ 6 EM.pdf,212129,70fff967e358551f30c9f520f3c1c2ca746b2aa364fb75051888de81ed07adbd
8.223.zip,8.223/Lecture Notes/L1-notes.pdf,181596,a0b2e132b552e55e5b6ac6e5b7a0b19275e30a41d46e6cb23caf63b1447e6d3d
8.223.zip,8.223/Lecture Notes/L10-notes.pdf,179190,d0a68d5acfa35482b1724f883d3ebc6ee76e3e719922c901a6892bd92fccc1c5
8.223.zip,8.223/Lecture Notes/L11-notes.pdf,179915,1d42bea60445e5546d9dbcfb0265758f8fe1a8ea902994d625a76e1304939819
8.223.zip,8.223/Lecture Notes/L2-notes.pdf,191384,ea1503a3c3dbb5bcc48cd97905826fd07868673626585101419640d3f677665a
8.223.zip,8.223/Lecture Notes/L3-notes.pdf,192816,24d65711f58de4528863622391aff6147e9dbf7cecaf3f383a1183d80a46f33a
8.223.zip,8.223/Lecture Notes/L4-notes.pdf,144114,4840e8e1a7a1e708de2120091bb82dfa9d19f7f0040e2ac3eeff1b5577786adc
8.223.zip,8.223/Lecture Notes/L5-notes.pdf,183054,c3331239cf508a1e06e40c4d99b232bb3b633b1d193e0a0ab22e22a43790d10c
8.223.zip,8.223/Lecture Notes/L6-notes.pdf,157937,c957b9cf5316578a20d7c62fca5ff9e58d336b6cdd2f0f03c8e43ca04ebe5263
8.223.zip,8.223/Lecture Notes/L7-notes.pdf,128310,4683b67d2feceaaae513288a32a76510fad5f15fe3af3fdae712f4ef0c74047c
8.223.zip,8.223/Lecture Notes/L8-notes.pdf,182866,39cf060fbe5cd305dc1d7b45ca225564650bfef0a3489dfd7d1713a498d47d40
8.223.zip,8.223/Lecture Notes/L9-notes.pdf,112361,4f30a0910e9340c747916ff6faa9873ccc1b4abbc3ccf9d0a2977a97b1c7d6fd
8.223.zip,8.223/local-coursework/Legendre Transforms for Dummies.pdf,958177,ebd9b3519e88e003be48f2f9c5c23a3da741219eb75bbbe2faa9f323ff373b0d
8.223.zip,8.223/local-coursework/Pset 1 CM2.pdf,1272561,c0d12b1c60b55f28ad9261ab3a1ff1d3bc6382796ee1e1bda8bef07f996317c9
8.223.zip,8.223/local-coursework/Pset 2 CM2.pdf,1805238,25c61262c864225c76fc90d65db6f7ad07af121aa5ffc448fbd7f15219bab15b
8.223.zip,8.223/local-coursework/Pset 3 CM2.pdf,1256816,d7c37890c53656c210e90ce36159d2da26fa20d9edce7ac252419fdf8f167dbd
8.223.zip,8.223/local-coursework/Pset 4 CM2.pdf,1517104,12c3d9f8db33abd956ff5e7c1cf0b109bdc368c29e8ca05f6ec8e97a44e9460b
8.223.zip,8.223/local-coursework/course_files_export/midterm_2025.pdf,844892,470b5dc3d40b638c1168033cea00b89ceb8c017a33f918060249822103bcd272
8.223.zip,8.223/local-coursework/course_files_export/midterm_sol_2025.pdf,87376,0a85a0d6f1ea4b4f4c43a49d9e281a9f5686fb9fcbd466e1dd7b976a3bc90a50
8.223.zip,8.223/local-coursework/final_2025.pdf,95645,c83236af50e2ddc18a2b1dd49476e9c03f499c0973f98c7cccf7012bd3bb5cec
8.223.zip,8.223/local-coursework/final_sol_2025.pdf,103082,b4300fc60a496012522ff03630c8ee81765e51f5fb574dba83039b5f3f2a95bd
8.223.zip,8.223/local-coursework/pset1.pdf,92431,e10d966df992d5e905dac751d9620bbcf6263c18373ef1f8b1f0bd79a15aee27
8.223.zip,8.223/local-coursework/pset2.pdf,846929,6ff7cbe107aecb2e189ec653b8fe369708663986a42637de08db6afe516745a1
8.223.zip,8.223/local-coursework/pset3.pdf,862822,12c6f946b32f1ec1efa4813a4217153eb03449d350fb1d46a97cf2451e78f288
8.223.zip,8.223/local-coursework/pset4.pdf,851364,1e512b91d0c84354c618896147e0e0f8379056467bc3fb02b9b2b3f921ca0504
18.03.zip,18.03/18.03 Exams/Exams/final1.pdf,164901,6367ebe1973a8120df66f2eccb0ad1932288dbdfda7cc4aee0dea38e74baa5ac
18.03.zip,18.03/18.03 Exams/Exams/final1s.pdf,316587,a77aeb79738c2e4845466e574400fb07a023522d9b75db128f01d373e687ab07
18.03.zip,18.03/18.03 Exams/Exams/midterm1.pdf,125235,7778a3dd9acf2a15ccb1667ec5d43a50f8bffb5247ff8b4cc2dd6be966e96042
18.03.zip,18.03/18.03 Exams/Exams/midterm1s.pdf,140214,2ee060bb3458328336cfc46f1e82fb335af853e855be898469c1b022b5f5f037
18.03.zip,18.03/18.03 Exams/Exams/midterm2.pdf,125267,baee798c7e9633ed5e5463f693d0bb730115225b3df7187e0cbac44db2f7b9ac
18.03.zip,18.03/18.03 Exams/Exams/midterm2s.pdf,369175,2ff0ddbc3d7dcc745282f678203bca1ce9b9951d3475b2ab0a25b5d2fb1a7e7d
18.03.zip,18.03/18.03 Exams/Exams/midterm3.pdf,147523,78bbdeb3695a5733cb0ee53b6e19e8f53cc2934fd1b145d1da05f776eab310b8
18.03.zip,18.03/18.03 Exams/Exams/midterm3s.pdf,151449,7ebac53155900e8a09cf15bc69ea41f4794d9f76f1ea0d25509d2c11e99b25d6
18.03.zip,18.03/18.03 Exams/Practice exams/Exam 1/practice1a.pdf,97183,487d011a1f84ae42f8fae7b4ba1fae1bb8f4bdc1ceb85f1bf8e5e303b53b9abe
18.03.zip,18.03/18.03 Exams/Practice exams/Exam 1/practice1as.pdf,227554,33a48711142273e1c4557c6fabc2ffe59030c93cb27d3de0b8858198b84a0bfa
18.03.zip,18.03/18.03 Exams/Practice exams/Exam 1/practice1b.pdf,96970,a34b0049e7c20d3161010adf6913555263d210cb74a8a7b02733b873c53c65c0
18.03.zip,18.03/18.03 Exams/Practice exams/Exam 1/practice1bs.pdf,119648,192bbbd7316504ee3ad8649580f4a370755288780241d06c342e80a58890ceb2
18.03.zip,18.03/18.03 Exams/Practice exams/Exam 2/oldmidterm2.pdf,116364,f6ee7e61408422ad2912edf31a7f1ccf530e33f96745fdc4f4f8ec2c2ec85707
18.03.zip,18.03/18.03 Exams/Practice exams/Exam 2/oldmidterm2s.pdf,198715,880892a48e62a7135aa6c7616be30ca2917ec11157e51b8439286331d0e0cee0
18.03.zip,18.03/18.03 Exams/Practice exams/Exam 2/practice2.pdf,113339,305db8b1dd66cc11aabe25b33506641de5624c324be2155385049628be978739
18.03.zip,18.03/18.03 Exams/Practice exams/Exam 2/practice2s.pdf,314789,3c1f64714fb8be9e43eded732460e5635fbb452e2d6cd783fa8f2a4f489125a8
18.03.zip,18.03/18.03 Exams/Practice exams/Exam 3/extra3.pdf,172875,19e1ab23c3df4d3c7cf249f5e3a91d249343a6df74b22d851f489f7dba0269dc
18.03.zip,18.03/18.03 Exams/Practice exams/Exam 3/extra3s.pdf,259052,9bc34d0c6131af92046f49afe5cf03c2972614991dcf3b9ded3e5b482b541658
18.03.zip,18.03/18.03 Exams/Practice exams/Exam 3/oldmidterm3.pdf,114637,7a40acd0a60864c74920498b845431eab55884f2a4b98785b16407e93e80343c
18.03.zip,18.03/18.03 Exams/Practice exams/Exam 3/oldmidterm3s.pdf,121094,7adf0a3ecb6a09f52d3ae7f9fb0cdd6fd5203a9e80e3cd0f5b06d4224f0553e4
18.03.zip,18.03/18.03 Exams/Practice exams/Exam 3/practice3.pdf,114690,8b66293213e2b183a26a8d525b10300f97624c42e718a795a11aa9c7b2935af6
18.03.zip,18.03/18.03 Exams/Practice exams/Exam 3/practice3s.pdf,126626,6c2397d71c590efa760cb0d2802e21b7489cd7604346a5916204d88a587b535c
18.03.zip,18.03/18.03 Exams/Practice exams/Final/extrafinal.pdf,292746,6ce68056fd2d9049a63c2056c6add539f7240cffb15fdae550ebaf7fe14cf0af
18.03.zip,18.03/18.03 Exams/Practice exams/Final/extrafinals.pdf,722551,c88fe06368b8156dc7c08192fe0e160a7b1cfb37775b8fe152a8d30873db2cea
18.03.zip,18.03/18.03 Exams/Practice exams/Final/oldfinal.pdf,429541,889106b61cd683afb2afbd6e4c2e0d4fb81653ca822ce901f381a09e54054fc1
18.03.zip,18.03/18.03 Exams/Practice exams/Final/oldfinals.pdf,2803114,87cd3710e9315f41a327e7e75b183ab22ac84c35b09ab45320840cc40b8a75ef
18.03.zip,18.03/18.03 Exams/Practice exams/Final/practicefinal.pdf,147031,92ca6114cfc3b07cc7f7a7421b357e4189871edfb94253a62c92b94b4633d7f7
18.03.zip,18.03/18.03 Exams/Practice exams/Final/practicefinals.pdf,381646,eea826cb433997d7e5f318b01773e1b0aab16b201c9b385f399490c8598fa3ed
18.03.zip,18.03/Canvas downloads/RS11.pdf,124488,0cb699ab7b26d44cee134acb617fffabf7b5299e7ea1a481fa20212611b8175b
18.03.zip,18.03/Canvas downloads/RS11s.pdf,173727,bce85956bd00cf2d26e1595cbd57c8247bc6b646e8c64bcda8382809b201dd45
18.03.zip,18.03/Canvas downloads/notes.pdf,8611909,ed378b1ce4393afe6cdbb64f236b93092035a6dc27519257339c2dbdda78072a
18.03.zip,18.03/Canvas downloads/pset8.pdf,106823,b38871eb6c66d58f65dd43a815a8a94ffcab784cd98316313d5817f87e46830f
18.03.zip,18.03/Canvas downloads/pset8sol.pdf,187361,6ab7ceba7ebec9f1ee6f544bb61c99f76a0cf9dfa2558acaec35fdca7c0059e6
18.03.zip,18.03/Canvas downloads/rs10.pdf,93224,90bd0b5a0f3486d3d3dff1e8bc5c3a52ff0c0dc812822ed6a26514fb545c406e
18.03.zip,18.03/Canvas downloads/rs10s.pdf,522252,18af6312b5f7bd67ed5dc5a24dc09c8d0b1543895fa39c7ba9f2f7350d5361be
18.03.zip,18.03/Canvas downloads/rs12.pdf,73535,9071e68ee19bec065b3d5e28a4e57bc2c2bebc16e68246376f51b3449ac1531d
18.03.zip,18.03/Canvas downloads/rs12sol.pdf,89482,b5547ea2ee49bef948a538c51114a7aa3596906c4b585ff87d277da9f88a72b5
18.03.zip,18.03/Canvas downloads/rs13.pdf,21214,93080a045c2dc8f8487624d2669ab2883620626165806546ca612d38368b75bb
18.03.zip,18.03/Canvas downloads/rs13sol.pdf,40127,de21d7adb448ac567fb4a06a27245d9c4209a8420436f6fbfdcb188a0e7efb51
18.03.zip,18.03/Canvas downloads/rs14.pdf,28766,9a2ac575058e213c6d0f488dfbb688063f302d0ad969d935d998485dae8fda24
18.03.zip,18.03/Canvas downloads/rs14sol.pdf,54500,2909c6e09794c71d0295484ac4e755f72beab929af8e2adb76b08ce4dd2a7399
18.03.zip,18.03/Canvas downloads/rs15.pdf,89974,559ea7bb58a517732265f4b2cceeb20d66564f70954c15b75e44239f2b638ce7
18.03.zip,18.03/Canvas downloads/rs15s.pdf,107975,620a2757ab92116c3ef89ee31cc5dfffb66f7559e3c765e0497a875b9c14ed9b
18.03.zip,18.03/Canvas downloads/rs16.pdf,74540,e669e3d7b9388ad82cd1be0fb5d4a8fd3bb00e690522624993b2d588acfb0907
18.03.zip,18.03/Canvas downloads/rs16sol.pdf,129522,efa671e14ef9fd3f58724e962b33958f0051a3f03f7ad4a71468935f3d9b12a8
18.03.zip,18.03/Canvas downloads/rs17.pdf,94846,28bdbc1d2174ef6efb00a33041d49ef7c97ef13d13f83a87aa15edaaae544351
18.03.zip,18.03/Canvas downloads/rs17sol.pdf,123929,9ee351b39871c3bb36baa579033bc51150681b1d5fffc2f555ba9de9dd3c4ad4
18.03.zip,18.03/Canvas downloads/rs18sol.pdf,151172,5e5e66d8646f6bbc3f25cdfe6a058a09c089256c9f774f4605580965ce67ab7a
18.03.zip,18.03/Canvas downloads/rs19.pdf,104280,30b5124cedeadbd0243591268799503434e84fdb34037023c4e3ed226ebfe850
18.03.zip,18.03/Canvas downloads/rs8.pdf,122932,4e8c7e81c0385797ca1066fd8bf43565ec59b5e177f3357fbec866a610adecb4
18.03.zip,18.03/Canvas downloads/rs8sol.pdf,166987,593aae2383dfac115407b9d7cf2f49be641d018f1c94e68b3d67e2da97f45033
18.03.zip,18.03/Canvas downloads/rs9.pdf,81574,d237e03007d03011ce237f8f8afd74fb5af18b9366092216b962645cb927296b
18.03.zip,18.03/Canvas downloads/rs9sol.pdf,119698,fd225208a1f66692f98030b5e40e9f8bb52db8f8ddc6e1f7c07dfaa028e809cc
18.03.zip,18.03/Finals Review/Extra-Final-solutions.pdf,706497,dadda326bb4dc4d56bda84c21590fb316775e61a225202ce70fcd86115c6f059
18.03.zip,18.03/Pset 1 DE.pdf,1559563,5271bbb96c5b02657153dde7cce21394950530fad2f9e4544908125c302a74af
18.03.zip,18.03/Pset 2 DE.pdf,956410,8e0e0700c69926cbb2a441e50153c84567503a180cefa6e45f12a8785de11194
18.03.zip,18.03/Pset 3 DE.pdf,934112,1cd0523b6bed700e97f67c260ea46da33c926072ccdd48ef9163ecdcb87a923e
18.03.zip,18.03/Pset 4 DE.pdf,1878688,366b3913654b67867ffa53e097212296760ac3e0f3ce7d1487f4d407584d8149
18.03.zip,18.03/Pset 5 DE.pdf,1544971,a4d8e5f1988a46231e9f9e99e611dda2933f1080c357566ce08b0e8f0cb9b76f
18.03.zip,18.03/Pset 6 DE.pdf,926197,fc160f61901b7c047adabb8f716f3270246e050dc712f3536e240cf87007173c
18.03.zip,18.03/Pset 7 DE.pdf,1198154,53ed06827a9a14a006a14f59132107f3f87dc85b93dd676d88bdfd82f6d6b766
18.03.zip,18.03/Pset 9 DE.pdf,849660,ad3c2a1ebd443c2b480b62df27ed20464d8cb0444da7b4611bea54ea0b84b844
18.03.zip,18.03/README.md,401,7751845aad647559363271b8c2b571b96f9b2f81044e31681bba93b83a215d11
18.03.zip,18.03/Yes.pdf,726688,5eecf453b6bc6498434cce6cc1a62fd6133a0ef4d6919ac7a004c4dad7b90a54
18.03.zip,18.03/midtermpractice.pdf,91291,bb4bc9041623147135e9f61298cf6a4389ca757a30e2b431faf9271a2ec65c61
18.03.zip,18.03/mt1review.pdf,128848,32a05ab706e1848a509ee05a4ee09ad4ea4fff712624b98ffd3755e58746e11c
18.03.zip,18.03/mt2review-sols.pdf,359688,a319cd762a2c9fbeb5cfe66a61ac7ded31b24592cf6df92fbbdf52e0a50b6d49
18.03.zip,18.03/mt2review.pdf,141661,80c2b23849b388e58a2f1652b34046b260680ed1e96064c15645ae5ab69d9b3b
18.03.zip,18.03/mt3review-sol.pdf,132797,4eee373b4066df14cfb0b056099d0c3c45f6ee806a36825e619179cfe42c0a2c
18.03.zip,18.03/mt3review.pdf,100845,50a83463a8e2bedd912d69a786a10f51ca08eedeea552d401f9fc2044f7cb4b4
18.03.zip,18.03/pset1-soln.pdf,130554,6f8524598e5dd9e20462bf2ab0b4e2c675f23997b987a64ddfed488155af4429
18.03.zip,18.03/pset1.pdf,94255,ce742835514cc11582d2523bb21a92900f850d4b423a4b8177331d5f1fb52a1e
18.03.zip,18.03/pset2.pdf,94637,041ddc9529fd04e854e6ceb9f5cb3280aaff8a595fbda526d46679776efbce1d
18.03.zip,18.03/pset2sol.pdf,116851,814d69265d9e9d6c32fa2952dd38721bb97105e64616845a5cb403192fa0822a
18.03.zip,18.03/pset3.pdf,101439,0321699430c761c49c134709b109f21ac44fc3654dc674012c72bc448b35fa70
18.03.zip,18.03/pset4.pdf,99447,928c7a680fdeb54848cfb70d069eb8790563d9441abfea5f21e8c1cbfb1ec0b5
18.03.zip,18.03/pset5.pdf,84696,29c4f6cca70be66cf86e7bbab3fb1972cdbefa7213ebdc362101275d3182acee
18.03.zip,18.03/pset6.pdf,88197,3b226ba22ce0cd2305123d3072f394b791f8b4f0fe37568a50281abcc7862c26
18.03.zip,18.03/pset6sols.pdf,131795,0c61cf6b97840b24af360a13133feb959058738c850a284f60be86ae19d4e32e
18.03.zip,18.03/pset7.pdf,105882,9f564274f9ad4136c84448182af90cc34473958b7c08a912c1410fd6afc7de2b
18.03.zip,18.03/pset9.pdf,118036,06967d55d264ff4a9f1c96bc7cb1b56b5e7195e8ea5657c48e4961251ca60e6a
18.03.zip,18.03/rs1.pdf,90114,a0a2237b8873fd5a536940725e0a649a25d49fcfcebbbbbebb3451dfa3497ca1
18.03.zip,18.03/rs18.pdf,105695,48bf85ae184bcc8882bf6dcc38a0ed218e3b0fb8e71e5433d2c5215857c36e4d
18.03.zip,18.03/rs1sol.pdf,116233,70e374888f76168c3bb4cc58f5d7c9c159419fbc40ebdb31555db062dd2ac068
18.03.zip,18.03/rs2.pdf,174630,71dce27a5b8ea247098c1a7631dbf307b7ceaaed7580a01122a5993cbb0e67b3
18.03.zip,18.03/rs2sol.pdf,193785,79e6309c4018a9ab2cd06ec5758982cf4a6578a46460aa92a6f5d3dd02ad4154
18.03.zip,18.03/rs3.pdf,107239,42e1cd9dc5630213c11b77c3ddd3e8ce0797d7c431e0708906e1d16a1ec20518
18.03.zip,18.03/rs4.pdf,80505,d4e1fae3747310784f40798145cdd9ad6ca115bc8d20aaa74db07b255f0ab3e7
18.03.zip,18.03/rs5.pdf,140755,f6b424b8d800df90198ca8d50980482867255a629d5f3dc3a61540a75c4b7dd0
18.03.zip,18.03/rs6.pdf,29253,2e6ed670874f8fe05617d8d2244ddbc528cb11152d2b9fe60128a9d60c54d92c
18.03.zip,18.03/rs7.pdf,163290,0af1c64d1163b24dbb3d39d867210627315100da81bb37ffeeb4c0095d4dae2c
